"","ADAL","ADAR","ADEL","ADER","ADFL","ADFR","ADLL","ADLR","AFDL","AFDR","AIAL","AIAR","AIBL","AIBR","AIML","AIMR","AINL","AINR","AIYL","AIYR","AIZL","AIZR","ALA","ALML","ALMR","ALNL","ALNR","AQR","ASEL","ASER","ASGL","ASGR","ASHL","ASHR","ASIL","ASIR","ASJL","ASJR","ASKL","ASKR","AUAL","AUAR","AVFL","AVFR","AVHL","AVHR","AVJL","AVJR","AVKL","AVKR","AVL","AVM","AWAL","AWAR","AWBL","AWBR","AWCL","AWCR","BAGL","BAGR","BDUL","BDUR","CEPDL","CEPDR","CEPVL","CEPVR","DVA","DVC","FLPL","FLPR","HSNL","HSNR","IL1DL","IL1DR","IL1L","IL1R","IL1VL","IL1VR","IL2DL","IL2DR","IL2L","IL2R","IL2VL","IL2VR","OLLL","OLLR","OLQDL","OLQDR","OLQVL","OLQVR","PLNL","PLNR","PVCL","PVCR","PVNL","PVNR","PVPL","PVPR","PVQL","PVQR","PVR","PVT","RIAL","RIAR","RIBL","RIBR","RICL","RICR","RIFL","RIFR","RIGL","RIGR","RIH","RIML","RIMR","RIR","RIS","RIVL","RIVR","RMDDL","RMDDR","RMDL","RMDR","RMDVL","RMDVR","RMED","RMEL","RMEV","RMFL","RMFR","RMGL","RMGR","RMHL","RMHR","SAADL","SAADR","SAAVL","SAAVR","SDQL","SDQR","SMBDL","SMBDR","SMBVL","SMBVR","SMDDL","SMDDR","SMDVL","SMDVR","URADL","URADR","URAVL","URAVR","URBL","URBR","URXL","URXR","URYDL","URYDR","URYVL","URYVR","AVAL","AVAR","AVBL","AVBR","AVDR","RIPL","RIPR","AVER","SIADL","SIBVR","AVDL","AVEL","SIBVL","SIBDL","RID","SIBDR","SIADR","RMER","SIAVL","SIAVR"
"ADAL",0,0,0,0,0,0,0,0,0,0,0,0,0,0,0,0,0,0,0,0,0,0,0,0,0,0,0,0,0,0,0,0,0,0,0,0,0,0,0,0,0,0,0,0,0,0,0.0433625681391797,0.0519449829334184,0,0,0,0,0,0,0,0,0,0,0,0,0,0,0,0,0,0,0,0,0,0,0,0,0,0,0,0,0,0,0,0,0,0,0,0,0,0,0,0,0.0833181609596799,0,0,0,0,0,0,0,0,0,0,0,0,0,0,0,0,0,0,0,0,0,0,0,0,0.0450086208452406,0,0,0,0,0,0,0,0,0,0,0,0,0,0,0.0536780304839944,0,0,0,0,0,0.0601722887872036,0,0,0,0,0,0,0,0,0,0,0,0,0.0695770582081928,0,0,0,0,0,0,0,0,0,0,0,0,0.0642296893511141,0.0686365788074451,0.0448223702954925,0.0540477232731928,0.0517810207372716,0.0858211433920861,0.0882749976392134,0,0,0,0,0,0,0,0,0,0,0,0,0
"ADAR",0,0,0,0,0,0,0,0,0,0,0,0,0,0,0,0,0,0,0,0,0,0,0,0,0,0,0,0,0,0,0,0,0,0,0,0,0,0,0,0,0,0,0,0,0,0,0.0489802743977423,0,0,0,0,0,0,0,0,0,0,0,0,0,0,0,0,0,0,0,0,0,0,0,0,0,0,0,0,0,0,0,0,0,0,0,0,0,0,0,0,0,0,0,0,0,0,0,0,0,0,0,0,0,0,0,0,0,0,0,0,0.0309881625269533,0,0,0,0,0,0,0.0423023327380196,0,0,0,0,0,0,0,0,0,0,0,0,0,0,0.0513175238824115,0,0,0,0,0,0,0,0,0,0,0,0,0,0,0,0,0.0660823034030055,0,0,0,0,0,0,0,0,0,0,0,0,0,0.0666655995611211,0.0586288811548434,0.0487422505098567,0.04210970700704,0,0,0.0810498653414983,0.0573607928965313,0,0,0,0,0,0,0,0,0,0,0,0
"ADEL",0.0091634846631549,0,0,0.0323153101353,0,0,0,0,0,0,0,0,0,0,0,0,0,0,0,0,0,0,0,0,0,1.0012649040376,0,0,0,0,0,0,0,0,0,0,0,0,0,0,0,0,0,0,0,0,0,0,0,0.0275903925335659,0,0,0,0,0,0,0,0,0,0,0,0,0.0594231916696093,0,0.0704411053924216,0,0,0,0,0,0,0,0,0,0.0834680509845309,0,0,0,0,0,0.0842962293673144,0,0,0,0,0,0,0,0,0,0,0,0,0,0,0,0,0,0,0,0,0.924894034301405,0,0,0,0,0,0,0.022887374641246,0,0.0422606957523034,0.04696813420255,0,0,0,0,0,0.0394967375482219,0.0454754005402578,0,0.0494365445901676,0.0538208926708823,0,0,0,0,0,0,0,0.0463979686255565,0,0,0,0.0478344125155011,0,0.0564194431004563,0,0,0.678082681447408,0,0,0.0437338296277178,0,0,0,0.0522501075469886,0.0553942093833203,0,0,0,0,0,0,0,0,0,0,0,0,0,0.0552541305229188,0.0605964719153991,0,0,0,0,0,0,0,0,0,0,0,0,0,0,0,0,0,0
"ADER",0,0.0115530203538674,0.0323153101353,0,0,0,0,0,0,0,0,0,0,0,0,0,0,0.0252782443747954,0,0,0,0,0,0,0.333568450814681,0,1.01131696792378,0,0,0,0,0,0,0,0,0,0,0,0,0,0,0,0,0,0,0,0,0,0,0.0176932893462642,0,0,0,0,0,0,0,0,0,0,0,0,0,0.0515654493133787,0,0.0620416257034088,0,0,0.0318547178180191,0,0,0,0,0,0,0.0759312496630381,0,0,0,0,0,0.0770807003320019,0,0,0,0.0742741852603834,0,0,0,0,0,0,0,0,0,0,0,0,0,0,1.01138779613746,0.931637358969747,0,0,0,0,0,0,0,0,0.0503865486335701,0.0536994840415448,0,0,0,0,0,0,0.0326170682288239,0,0,0.0548445982341812,0.0448844729294692,0,0,0,0,0,0.0409614382729736,0,0,0,0,0,0.0466794322053688,0,0.0577025284798574,0,0,0,0,0,0,0.027514425932136,0,0,0,0,0,0,0,0,0,0.0711691442231331,0,0,0,0,0,0,0.0563968038246905,0.0471037428391113,0,0,0.0268786054848926,0,0,0.0459125100607462,0.0442434804607555,0,0,0,0,0,0,0,0,0,0,0
"ADFL",0,0,0,0,0,0,0,0,0,0,0.027683417397932,0,0.0088870872574694,0.021482397463534,0,0,0,0,0.0310269515149732,0,0.0228933101667414,0,0,0,0,0,0,0,0,0,0,0,0.00886519198360927,0,0,0,0,0,0,0,0,0,0,0,0,0.0271269961895088,0,0,0,0,0,0,0,0,0.00507321427942877,0,0,0,0,0.0311429158088662,0,0,0,0,0,0,0,0,0,0,0,0,0,0,0,0,0,0,0,0,0,0,0,0,0,0,0,0,0.0260484559358252,0,0,0,0,0,0,0,0,0,0,0,0,0,0.00510937733180375,0,0,0,0,0,0,0,0.0907244538488487,0,0,0,0,0.0137102236032094,0,0,0,0,0,0,0,0,0,0,0,0,0,0,0,0,0,0,0,0,0,0,0,0,0,0,0.0210314945565276,0,0,0,0,0,0,0,0,0,0,0,0.0107302129485801,0,0,0,0,0,0,0,0,0,0,0,0,0,0,0,0,0,0,0,0,0,0,0,0,0
"ADFR",0,0,0,0,0,0,0,0,0,0,0,0,0,0,0,0,0,0,0,0,0,0.0200951651620639,0,0,0,0,0,0,0,0,0,0,0,0,0,0,0,0,0,0,0,0.0133435545506763,0,0,0,0,0,0,0,0,0,0,0,0,0,0.00464743994548341,0,0,0,0,0,0,0,0,0,0,0,0,0,0,0,0,0,0,0,0,0,0,0,0,0,0,0,0,0,0,0,0,0,0.0259912919687176,0,0,0,0,0,0,0,0,0,0,0,0,0,0.00559977751371652,0,0,0,0,0,0,0,0.0944891931672116,0.0201435762480871,0,0,0.0174163907399395,0,0,0,0,0,0,0,0,0,0,0,0,0,0,0,0,0,0,0,0,0,0,0,0,0,0.0178347642107521,0,0.0268131553970015,0,0,0,0,0,0,0,0,0,0,0,0,0,0,0,0,0,0,0,0,0,0,0,0,0,0.0167112141778171,0,0,0,0,0,0,0,0,0,0
"ADLL",0.0542801789258174,0,0,0,0,0,0,0,0,0,0.0268050582985866,0,0.0149560874024801,0,0,0,0,0,0,0,0,0,0,0,0,0,0,0,0.0120884605034616,0,0.00676344895721665,0,0.0130274146334278,0,0,0,0,0,0.00638011991095192,0,0,0,0,0,0,0.0207787678874825,0.01292639453913,0.0221371499566481,0,0,0,0,0.00867195033751059,0,0.00896693557430575,0,0.0157199350323681,0.0245784336836941,0,0,0,0,0,0,0,0,0,0,0,0,0,0,0,0,0,0,0,0,0,0,0,0,0,0,0,0,0,0,0,0,0,0,1.03257356649652,0,0,0,0,0,0,0,0,0,0,0,0,0,0,0,0,0,0,0,0,0,0,0,0,0,0,0,0,0,0,0,0,0,0,0,0,0,0,0,0,0,0,0,0,0,0,0,0,0,0.0220814692707766,0,0,0,0,0,0,0,0,0,0,0,0,0,0,0,0,0,0.0163312843354978,0,0.0128720238975365,0,0.0247522723862123,0,0,0,0,0,0.0151461346915228,0.0160780246231075,0,0,0,0,0,0,0,0
"ADLR",0,0,0,0,0,0,0,0,0,0,0,0.02730930326687,0,0.0132668556407971,0,0,0,0,0,0,0,0,0,0,0,0,0,0,0,0.0107900726400764,0,0,0,0.0122942308307088,0,0,0,0,0,0,0,0,0,0,0,0,0,0.0116162363976839,0,0,0,0,0,0.0076893486090338,0,0.007607417869463,0,0.0149800605232839,0,0,0,0,0,0,0,0,0,0,0,0,0,0,0,0,0,0,0,0,0,0,0,0,0,0,0,0,0,0,0,0.0331735042817024,0,0,0,1.03120679196395,0,0,0,0,0,0,0,0,0,0,0,0,0,0,0,0,0,0,0,0,0,0,0,0,0,0,0,0,0,0,0,0,0,0,0,0,0,0,0,0,0,0,0,0,0,0,0,0,0,0.0267142503082391,0,0,0,0,0,0,0,0,0,0,0,0,0,0,0,0.0386774515070231,0.0254492273412303,0.015227210263928,0,0,0.0144626074164118,0,0,0,0,0,0.025627645823773,0,0,0,0,0,0,0,0,0
"AFDL",0,0,0,0,0,0,0,0,0,0,0,0,0,0,0,0,0,0.0331968955979885,0.0300975942443391,0,0.022910620473238,0,0,0,0,0,0,0,0,0.027896738482639,0,0,0,0,0,0,0,0,0,0,0,0,0,0,0,0,0,0,0,0,0,0,0,0,0.00679089058385387,0,0,0,0,0.0303404935559518,0,0,0,0,0,0,0,0,0,0,0,0,0,0,0,0,0,0,0,0,0,0,0,0,0,0,0,0,0,0,0,0,0,0,0,0,0,0,0,0,0,0,0,0,0,0,0,0,0,0,0,0,0,0,0,0,0,0,0,0,0,0,0,0,0,0,0,0,0,0,0,0,0,0,0,0,0,0,0,0,0,0,0,0,0,0,0,0,0,0,0,0,0,0,0,0,0,0,0,0,0,0,0,0,0,0,0,0,0,0,0,0,0,0,0,0,0,0,0,0
"AFDR",0,0,0,0,0,0,0,0,0,0,0,0,0,0,0,0,0,0,0,0.0180065050854025,0,0,0,0,0,0,0,0,0,0,0,0,0,0,0,0,0,0,0,0,0,0,0,0,0,0,0,0,0,0,0,0,0,0,0,0,0,0,0.0328521338788004,0,0,0,0,0,0,0,0,0,0,0,0,0,0,0,0,0,0,0,0,0,0,0,0,0,0,0,0,0,0,0,0,0,0,0,0,0,0,0,0,0,0,0,0,0,0,0,0,0,0,0,0,0,0,0,0,0,0,0,0,0,0,0,0,0,0,0,0,0,0,0,0,0,0,0,0,0,0,0,0,0,0,0,0,0,0,0,0,0,0,0,0,0,0,0,0,0,0,0,0,0,0,0,0,0,0,0,0,0,0,0,0,0,0,0,0,0,0,0,0,0
"AIAL",0.0425697246300481,0,0,0,0,0,0.0268050582985866,0,0,0,0,0,0.0206513573441614,0,0,0,0,0,0,0,0,0,0,0,0,0,0,0,0,0.0230497645222516,0.0233437341867416,0,0,0,0,0,0,0,0.0300302454696719,0,0,0,0,0,0,0,0,0,0,0,0,0,0,0,0,0,0.0226438055305695,0.0227658023671883,0,0,0,0,0,0,0,0,0,0,0,0,0,0,0,0,0,0,0,0,0,0,0,0,0,0,0,0,0,0,0,0,0,0,0,0,0,0,0,0,0,0,0,0,0,0,0,0,0,0,0.0467300672830807,0,0,0,0,0,0,0,0,0,0,0,0,0,0,0,0,0,0,0,0,0,0,0,0,0,0,0,0,0,0,0,0,0,0,0,0,0,0,0,0,0,0,0,0,0,0,0,0,0,0,0,0,0,0,0,0,0,0,0,0,0,0,0,0,0,0,0,0,0,0,0
"AIAR",0,0.0378978166319479,0,0,0,0,0,0.02730930326687,0,0,0,0,0,0.0210983329928723,0,0,0,0,0,0,0,0,0,0,0,0,0,0,0,0,0,0.0234395472272557,0,0,0.0241885208037175,0,0,0,0,0.0304243402634922,0,0,0,0,0,0,0,0,0,0,0,0,0,0,0,0,0.0245906381925876,0.0219547855421802,0,0,0,0,0,0,0,0,0,0,0,0,0,0,0,0,0,0,0,0,0,0,0,0,0,0,0,0,0,0,0,0,0,0,0,0,0,0,0,0,0,1.00632050495407,0,0,0,0,0,0,0,0,0,0.056529167968846,0,0,0,0,0,0,0,0,0,0,0,0,0,0,0,0,0,0,0,0,0,0,0,0,0,0,0,0,0,0,0,0,0,0,0,0,0,0,0,0,0,0,0,0,0,0,0,0,0,0,0,0,0,0,0,0,0,0,0,0,0,0,0,0,0,0,0,0,0,0
"AIBL",0,0,0,0,0,0,0.0149560874024801,0,0,0,0.0206513573441614,0,0,0.0180956814275706,0,0,0,0,0.0249877817877433,0,0,0,0,0,0,0,0,0,0,0,0,0,0,0,0,0,0,0,0,0,0.00886607768935902,0.0238748541062296,0,0,0,0,0,0,0,0,0,0,0,0,0,0,0,0,0.0248539426654128,0,0,0,0,0,0,0,0,0,0,0,0,0,0,0,0,0,0,0,0,0,0,0,0,0,0,0,0,0,0,0,0,0,0,0,0,0,0,0,0,0,0,0,0,0,0.00944810476200121,0.0203249029345007,0,0,0,0,0,0.0913166531738598,0,0,0.0194945829915806,0,0,0,0,0,0,0,0,0,0,0,0,0,0,0.0114061526194473,0,0,0,0,0.00865100350934792,0,0.0139503061262334,0,0,0,0,0,0,0,0,0.0130908903351004,0,0.0247178490749221,0,0,0,0,0,0,0,0,0,0,0,0,0.010308448711797,0.0228541705028863,0.0125348269053416,0,0,0,0,0,0,0,0,0,0.0103566862083752,0,0,0,0,0,0,0
"AIBR",0,0,0,0,0,0,0,0,0,0,0,0,0,0,0,0,0,0,0,0,0.028093432151984,0,0,0,0,0,0,0,0,0,0,0,0,0,0,0,0,0,0,0,0.0228437656549194,0,0,0,0,0,0,0,0.0491996319020466,0,0,0,0,0,0,0,0,0,0,0.0239366282723126,0,0,0,0,0,0,1.02776417966399,0,0,0,0,0,0,0,0,0,0,0,0,0,0,0,0,0,0,0,0,0,0,0,0,0,0,0,0,0,0,0,0,0,0,0,0.0217985961954836,0,0.0201990030017728,0.0082653874965878,0,0,0,0,0.0868155284051513,0,0,0.0199075066812905,0.0120244447636887,0,0,0,0.0174441676320483,0,0,0,0,0,0,0,0,0,0.0149016342041108,0,0,0,0,0,0.0131636467478858,0.0131062953921484,0,0.0126317649109546,0,0,0,0,0,0,0.0154557523929199,0,0.0242841789578369,0,0,0,0,0,0,0,0,0,0,0,0,0,0.0238762345639576,0.00856548581608917,0,0.0109683510789282,0,0,0,0.00586036504968973,0,0,0,0.0196318822924281,0,0,0,0,0,0,0,0
"AIML",0,0,0,0,0,0,0,0,0,0,0.0185932164839425,0,0,0,0,0,0,0,0,0,0.021348409246212,0,0,0.372693489271953,0,0,0,0,0,0,0.0360486882454653,0,0,0,0,0,0.0243017399952529,0,0.044515041866135,0,0,0,0.0217176185046986,0.0237248346362125,0,0,0.0297066565891068,0,0,0,0,0,0,0,0.0391261489997019,0,0,0,0,0,0,0,0,0,0.0585922778148388,0,0,0,0,0,0,0,0,0,0,0,0,0,0,0,0,0,0,0,0,0,0,0,0,0,0,0,0,0,0,0,0,0,0,0,0,0,0,0,0,0,0,0,0.0284128920589976,0,0,0,0,0,0,0,0,0,0,0,0,0,0,0,0,0,0,0,0,0,0.0298673654536289,0,0,0,0,0,0,0,0,0,0,0,0.0245004532882175,0,0,0,0,0,0,0,0,0,0,0,0,0,0,0,0,0,0,0,0.0287997053139763,0,0,0,0,0,0,0,0,0,0,0,0,0,0,0,0,0
"AIMR",0,0.0323037595831062,0,0,0,0,0,0,0,0,0,0.00591057278976625,0,0,0.0157114541343449,0,0,0,0,0,0,0.0130027655862368,0,0,0.351320803345434,0,0,0,0,0,0,0.0249281442114756,0,0.0243004857526038,0,0,0,0,0,0.033135148309848,0,0,0.0358469210999181,0.0366796315135356,0,0,0,0.0215575783966596,0,0,0,0,0,0,0,0.0284494687656356,0,0,0,0,0,0,0,0,0,0,0,0,0,0,0,0,0,0,0,0,0,0,0,0,0,0,0,0,0,0,0,0,0,0,0,0,0,0,0,0,0,0,0,0,0,0,0,0,0,0,0,0,0,0.0518801477152207,0,0,0,0,0,0,0,0,0,0,0,0,0,0,0,0,0,0,0,0,0,0,0,0,0,0,0,0,0,0,0.018277856308933,0,0,0,0,0,0,0,0,0,0,0,0,0,0,0,0,0,0,0,0,0.0325308028607599,0,0,0.0192857755831533,0,0,0,0.0234437608471049,0,0,0,0,0.0294427618638584,0,0,0,0,0,0
"AINL",0,0,0,0,0,0,0,0,0.0215988572650557,0.034786151575106,0,0,0.0199584127586276,0,0,0,0,0.0295418875946722,0,0.0231741898034618,0,0,0,0,0,0,0,0,0.0102211102205497,0,0,0,0,0,0,0,0,0,0,0,0,0.0311600797545915,0,0,0,0,0,0,0,0,0,0,0,0,0,0,0,0,0.0425025822147534,0,0,0,0,0,0,0.0452073935376587,0,0,0,0,0,0,0,0,0,0,0,0,0,0,0,0,0,0,0,0,0,0,0,0,0,0,0,0,0,0,0,0,0,0,0,0,0,0,0,0.0261939362988483,0,0,0,0,0,0,0,0,0.0253466797705464,0,0,0,0,0,0,0,0,0,0,0,0,0,0.0231092957824876,0,0,0,0,0,0,0,0,0,0,0,0,0,0,0,0,0,0,0,0,0,0,0,0,0,0,0,0,0,0,0,0,0.0367734359690354,0,0,0,0,0,0,0,0,0,0,0,0,0.0367014498287363,0,0,0,0,0
"AINR",0,0,0,0,0,0,0,0,0.0331968955979885,0.0207341822805663,0,0.0220295456255627,0,0.0186297837082352,0,0,0,0,0,0,0,0,0,0,0,0,0,0,0,0.00955938580826457,0,0,0,0,0,0,0,0,0,0,0.030445483052191,0,0,0,0,0,0,0,0,0,0,0,0,0,0,0,0,0,0.0498056493916918,0.0405738035579147,0,0,0,0,0.0467967168653422,0,0,0,0,0,0,0,0,0,0,0,0,0,0,0,0,0,0,0,0,0,0,0,0,0,0,0,0,0,0,0,0,0,0,0,0,0,0,0,0.0260460878480339,0.0121398981442648,0,0,0,0,0,0,0,0,0,0,0,0,0,0,0,0,0,0,0,0,0,0,0,0,0,0,0,0,0,0,0,0,0,0,0,0,0,0,0,0,0,0,0,0,0,0,0,0,0,0,0,0,0,0,0,0,0,0,0,0,0,0,0,0,0,0,0,0,0.0325430887800121,0,0,0,0,0
"AIYL",0,0,0,0,0.0310269515149732,0,0,0,0,0,0,0,0.0249877817877433,0,0,0,0,0,0,0,0.0112497118886719,0.0226971599699858,0,0,0,0,0,0,0.0208053581777928,0,0,0,0,0,0,0,0,0,0,0,0.0174310197300137,0,0,0,0,0,0,0,0,0,0,0,0.0253972771209091,0,0.0276166909166812,0,0,0,0,0.051416465356592,0,0,0,0,0,0,0,0,0,0,0,0,0,0,0,0,0,0,0,0,0,0,0,0,0,0,0,0,0,0,0,0,0,0,0,0,0,0,0,0,0,0,0.0356603334318224,0.0389399115876388,0.0172648298233178,0.0243174529337984,0,0,0,0,0,0,0,0.0125576876821282,0,0,0,0,0,0,0,0,0,0,0,0,0,0,0,0,0,0,0,0,0,0,0,0,0,0,0,0,0,0,0,0,0,0,0,0,0,0,0,0,0,0,0,0,0,0,0,0,0.0177460408436643,0,0,0,0,0,0,0,0,0,0,0,0,0,0,0,0,0
"AIYR",0,0,0,0,0,0,0,0,0,0.0180065050854025,0,0,0,0,0,0,0,0,0,0,0,0.0165621024598517,0,0,0,0,0,0,0,0.0167387415871646,0,0,0,0,0,0,0,0,0,0,0,0.012623271834072,0,0,0,0,0,0,0,0,0,0,0,0.0154849512380165,0,0.0192563789248362,0,0,0.0344705066642122,0,0,0,0,0,0,0,0,0,0,0,0,0,0,0,0,0,0,0,0,0,0,0,0,0,0,0,0,0,0,0,0,0,0,0,0,0,0,0,0,0,0,0,0,0.0209104276188491,0,0.0102895482848495,0,0,0,0,0,0,0,0,0,0,0,0,0,0,0,0,0,0,0,0,0,0,0,0,0,0,0,0,0,0,0,0,0,0,0,0,0,0,0,0,0,0,0,0,0,0,0,0,0,0,0,0,0,0,0,0,0,0,0,0,0,0,0,0,0,0,0,0,0,0,0,0,0,0
"AIZL",0,0,0,0,0,0,0,0,0,0,0.015088601502873,0,0.0195249227951419,0.028093432151984,0,0,0,0,0,0,0,0.0240625563473366,0,0,0,0,0,0,0.0117508481243111,0,0.0156444254997987,0,0,0,0,0,0,0,0,0,0,0,0,0,0,0,0,0,0,0,0,0,0,0,0,0,0,0.0309154185528334,0,0.048430938773358,0,0,0,0,0,0,1.00917692824903,0,0,0,0,0,0,0,0,0,0,0,0,0,0,0,0,0,0,0,0,0,0,0,0,0,0,0,0,0,0,0,0,0,0,0,0.0278043678771317,0.0344867484967052,0,0,0,0,0,0,0,0,0,0.0102512397497205,0,0,0,0,0,0,0,0,0,0,0,0,0,0,0,0,0,0,0,0,0,0,0,0,0,0,0.0165925675308442,0.0197699265773801,0.0134242105651273,0.0172191320170871,0,0,0,0,0,0,0,0,0,0,0,0,0,0,0,0,0,0,0,0,0,0,0,0.0316396003229142,0,0,0.00674947199902519,0.0259733656322323,0,0,0.0388731842723072,0,0,0,0,0
"AIZR",0,0,0,0,0,0,0,0,0,0,0,0.0144303092211758,0.0272433140163555,0.016939307502725,0,0,0,0,0,0.0165621024598517,0,0,0,0,0,0,0,0,0,0.0111079783756429,0,0,0,0,0,0,0,0,0,0,0,0,0,0,0,0,0,0,0,0,0,0,0,0.0163340171665416,0,0.0173325426176816,0,0.0159721517047055,0.0485968917513315,0,0,0,0,0,0,0,0,0,0,0,0,0,0,0,0,0,0,0,0,0,0,0,0,0,0,0,0,0,0,0,0,0,0,0,0,0,0,0,0,0,0,0,0,0.0252272116999928,0,0,0,0,0,0,0,0,0.0320913528376902,0,0.0105361885861005,0,0,0,0,0,0,0,0,0,0,0,0,0,0,0,0,0,0,0,0,0,0,0,0,0,0,0.0150190478799007,0,0.0135022271455721,0,0,0,0,0,0,0,0,0,0,0,0,0,0,0,0,0.0356924215848932,0,0,0,0,0,0,0.0227282615405633,0,0,0,0.0319189778053845,0,0,0,0,0,0,0,0
"ALA",0,0,0,0,0,0,0.0150171215565351,0,0,0,0,0,0,0,0,0,0,0,0,0,0,0,0,0,0,0,0,0,0,0,0,0,0,0,0,0,0,0,0,0,0,0,0,0,0,0,0,0,0,0,0,0,0,0,0,0,0,0,0,0,0,0,0,0,0,0,0,0,0,0,0,0,0,0,0,0,0,0,0,0,0,0,0,0,0,0,0,0,0,0,0,0,0,0,0,0,0,0,0,0,0,0,0,0,0,0,0,0,0,0,0,0,0,0,0,0,0,0,0,0,0,0,0,0,0,0,0,0,0,0,0,0,0,0,0,0,0,0,0,0,0,0,0,0,0,0,0,0,0,0,0,0,0,0,0,0,0,0,0,0,0,0.0182046023863988,0,0,0,0,0,0.0178175037160618,0,0,0,0.0194195769054709,0,0,0,0,0,0,0,0
"ALML",0,0,0,0,0,0,0,0,0,0,0,0,0,0,0,0,0,0,0,0,0,0,0,0,0,0,0,0,0,0,0,0,0,0,0,0,0,0,0,0,0,0,0,0,0,0,0,0,0,0,0,0.0821623971692267,0,0,0,0,0,0,0,0,0.21753228735746,0,0.414482954392616,0,0.429520270127488,0,0,0,0,0,0,0,0,0,0,0,0,0,0,0,0,0,0,0,0,0,0,0,0,0,0,0,0.632900914856174,0,0,0.664990692261577,0,0,0,0,0,0,0,0,0,0,0,0,0.344598268460786,0,0,0,0,0,0,0,0,0,0,0,0,0,0,0,0,0,0,0,0,0,0,0,0,0,0,0,0,0,0,0,0,0,0,0,0,0,0,0,0,0,0,0,0,0,0,0,0,0,0,0,0,0,0,0,0.391178581805396,0,0,0,0,0,0,0,0,0,0.416360934669837,0,0,0,0,0
"ALMR",0,0,0,0.333568450814681,0,0,0,0,0,0,0,0,0,0,0,0,0,0,0,0,0,0,0,0,0,0,0,0,0,0,0,0,0,0,0,0,0,0,0,0,0,0,0,0,0,0,0,0,0,0,0,0,0,0,0,0,0,0,0,0,0,0.184382747884877,0,0.379080033144079,0,0.393427222604547,0,0,0,0,0,0,0,0,0,0,0,0,0,0,0,0,0,0,0,0,0,0,0,0,0,0,0,0.666067181785706,0,0.700096737047817,0,0,0,0,0,0,0,0,0,0,0,0,0,0.300837115438555,0,0,0,0,0,0,0,0,0,0,0,0,0,0,0,0,0,0,0,0,0,0,0,0,0,0,0,0,0,0,0,0,0,0,0,0,0,0,0,0,0,0,0,0,0,0,0,0,0,0,0,0,0,0,0.358227831725365,0,0,0,0,0,0.357043695387028,0,0,0,0,0,0,0,0,0
"ALNL",0,0,1.0012649040376,0,0,0,0,0,0,0,0,0,0,0,0,0,0,0,0,0,0,0,0,0,0,0,0,0,0,0,0,0,0,0,0,0,0,0,0,0,0,0,0,0,0,0,0,0,0,0,0,0,0,0,0,0,0,0,0,0,0,0,0,0,0,0,0,0,0,0,0,0,0,0,0,0,0,0,0,0,0,0,0,0,0,0,0,0,0,0,0,0,0,0,0,0,0,0,0,0,0,0,0,0,0,0,0,0,0,0,0,0,0,0,0,0,0,0,1.03508657301123,0,0,0,0,0,0,0,0,0,0,0,0,0,0,0,0,0,1.05702467016688,0,0,0,0,1.04116224587016,0,0,0,0,1.05394722424019,1.05433066497149,0,0,0,0,0,0,0,0,0,0,0,0,0,0,0,0,0,0,0,0,0,0,0,0,0,0,0,0,0,0,0,0
"ALNR",0,0,0,0,0,0,0,0,0,0,0,0,0,0,0,0,0,0,0,0,0,0,0,0,0,0,0,0,0,0,0,0,0,0,0,0,0,0,0,0,0,0,0,0,0,0,0,0,0,0,0,0,0,0,0,0,0,0,0,0,0,0,0,0,0,0,0,0,0,0,0,0,0,0,0,0,0,0,0,0,0,0,0,0,0,0,0,0,0,0,0,0,0,0,0,0,0,0,0,0,0,0,0,1.05649594889042,0,0,0,0,0,0,0,0,0,0,0,0,0,0,0,0,0,0,0,0,0,0,0,0,0,0,0,0.992339889907663,0,0,0,0,0,1.05984198697222,0,0,1.04502418873639,0,0,0,1.05747789705495,0,0,0,0,0,0,0,0,0,0,0,0,0,0,0,1.05875429224964,0,0,0,0,0,0,0,0,0,0,0,0,0,0,0,0,0,0,0
"AQR",0,0,0,0,0,0,0,0,0,0,0,0,0.0526811508222165,0,0,0,0,0,0,0,0,0,0,0,0,0,0,0,0,0,0,0,0,0,0,0,0,0,0,0,0,0.0389766057288295,0,0,0,0,0,0,0,0,0,0,0,0,0,0,0,0,0.0766745386713787,0.0701767727471357,0,0,0,0,0,0,0,0,0.0323204125527216,0,0,0,0,0,0,0,0.0871243526383769,0,0,0,0,0,0,0,0,0,0,0,0,0,0,0,0.991986539353531,0.98991673950566,0,0,0.92627707105114,0.933760988962488,0,0,0,0,0.0605765297217082,0.0549848898668705,0,0,0,0,0,0,0,0,0,0,0,0.051538835668176,0,0,0,0,0,0,0,0,0,0,0,0,0,0,0,0,0,0,0,0,0,0,0,0,0,0,0,0,0,0,0,0,0,0,0,0,0,0,0,0,0,0,0,0,0.0621053787456499,0.0540085584978494,0.0445298196700116,0.0378130734099085,0.0341953785940074,0,0,0,0,0,0.0446530215680445,0,0,0,0,0,0,0,0,0
"ASEL",0,0,0,0,0,0,0.0120884605034616,0,0.0115327373871352,0.0281167099518351,0.0200309164656319,0,0.0100656312092499,0.0235206805612104,0,0,0.0102211102205497,0,0.0208053581777928,0.0173264612704456,0,0,0,0,0,0,0,0,0,0,0.00549435367132705,0,0,0,0,0,0,0,0,0,0,0,0,0,0,0,0,0,0,0,0,0,0,0,0,0,0.00864257948057899,0.0274340161939744,0.0325040524757106,0.0397007702764931,0,0,0,0,0,0,0,0,0,0,0,0,0,0,0,0,0,0,0,0,0,0,0,0,0,0,0,0,0,0,0,0,0,0,0,0,0,0,0,0,0,0,0,0.0272409739423561,0,0,0,0,0,0,0,0,0,0,0,0,0,0,0,0,0,0,0,0,0,0,0,0,0,0,0,0,0,0,0,0,0,0,0,0,0,0,0,0,0,0,0,0,0,0,0,0,0,0,0,0,0,0,0,0,0,0,0,0,0,0,0,0,0,0,0,0,0,0,0,0,0,0,0,0
"ASER",0,0,0,0,0,0,0,0,0.027896738482639,0.011390353066027,0,0.021887749052695,0.0250800291722568,0.00984280299016114,0,0,0,0,0.0305977168074372,0.0167387415871646,0.0290629297683277,0,0,0,0,0,0,0,0,0,0,0,0,0,0,0.0084976192667785,0,0,0,0,0,0,0,0,0,0,0,0,0,0,0,0,0,0.00653740167827593,0,0,0,0.00845832866635749,0,0,0,0,0,0,0,0,0,0,0,0,0,0,0,0,0,0,0,0,0,0,0,0,0,0,0,0,0,0,0,0,0,0,0,0,0,0,0,0,0,0,0,0,0,0,0,0,0,0,0,0,0,0,0,0,0,0,0,0,0,0,0,0,0,0,0,0,0,0,0,0,0,0,0,0,0,0,0,0,0,0,0,0,0,0,0,0,0,0,0,0,0,0,0,0,0,0,0,0,0,0,0,0,0,0,0,0,0,0,0,0,0,0,0,0,0,0,0,0,0,0
"ASGL",0,0,0,0,0,0,0,0,0,0,0.0233437341867416,0,0.0110285951833744,0,0.0360486882454653,0,0,0,0,0,0.0156444254997987,0,0,0,0,0,0,0,0,0,0,0,0,0,0,0,0.0139271199154967,0,0,0,0,0,0,0,0,0,0,0,0,0,0,0,0,0,0,0,0,0,0,0,0,0,0,0,0.031824685203176,0,0,0,0,0,0,0,0,0,0,0,0,0,0,0,0,0,0,0,0,0,0,0,0,0,0,0,0,0,0,0,0,0,0,0,0,0,0,0,0,0,0,0,0,0,0,0,0,0,0,0,0,0,0,0,0,0,0,0,0,0,0,0,0,0,0,0,0,0,0,0,0,0,0,0,0,0,0,0,0,0,0,0,0,0,0,0,0,0,0,0,0,0,0,0,0,0,0,0,0,0,0,0,0,0,0,0,0,0,0,0,0,0,0,0
"ASGR",0,0,0,0,0,0,0,0,0,0,0,0.0234395472272557,0,0.0100936967297356,0,0,0,0,0,0,0,0,0,0,0,0,0,0,0,0,0,0,0,0,0,0,0,0,0,0,0,0,0,0,0,0,0,0,0,0,0,0,0,0,0,0,0,0,0,0,0,0,0,0,0,0,0,0,0,0,0,0,0,0,0,0,0,0,0,0,0,0,0,0,0,0,0,0,0,0,0,0,0,0,0,0,0,0,0,0,0,0,0,0,0,0,0,0,0,0,0,0,0,0,0,0,0,0,0,0,0,0,0,0,0,0,0,0,0,0,0,0,0,0,0,0,0,0,0,0,0,0,0,0,0,0,0,0,0,0,0,0,0,0,0,0,0,0,0,0,0,0,0,0,0,0,0,0,0,0,0,0,0,0,0,0,0,0,0,0
"ASHL",0.0520597407582145,0,0,0,0,0,0.0130274146334278,0,0,0,0.020692656466501,0.0225713730561662,0.00595605708633027,0,0,0,0,0,0,0,0.0152949797344791,0,0,0,0,0,0,0,0,0,0,0,0,0,0,0,0,0,0,0,0,0,0,0,0,0.0276604622569043,0,0.0279490556149152,0,0,0,0,0.00508745039902111,0,0.00607853465843126,0,0,0,0,0,0,0,0,0,0,0,0,0,0,0,0.58155813430723,0.565898191063745,0,0,0,0,0,0,0,0,0,0,0,0,0,0,0,0,0,0,0,0,0,0,0,0,0,0,1.01827464293104,0,0,0,0.0137907879409137,0,0,0,0,0,0.0616176976181813,0,0,0,0,0,0,0,0,0,0,0,0,0,0,0,0,0,0,0,0,0,0.0574015727885025,0,0,0,0,0,0,0,0,0,0,0,0.0137793354395722,0,0,0,0,0,0,0,0,0,0,0,0.0190426651007842,0,0,0,0,0,0.0123467861614116,0,0.00795281853535273,0,0.0290719724213675,0,0,0,0,0,0.0101406022534414,0.0111003857970681,0,0,0,0,0,0,0,0
"ASHR",0,0.048629656175688,0,0,0,0.00691465890789271,0,0.0122942308307088,0,0,0.0235871849227101,0.0226380327881118,0,0.00605748923079934,0,0.0243004857526038,0,0,0,0.0152873512359892,0,0,0,0,0,0,0,0,0,0,0,0,0,0,0,0,0,0,0,0,0,0,0,0,0.0281482395236585,0,0.0291835088411461,0,0,0,0,0,0,0.00512673850086485,0,0.00619819262340846,0,0,0,0,0,0,0,0,0,0,0,0,0,0,0.581812014299803,0.56751036192495,0,0,0,0,0,0,0,0,0,0,0,0,0,0,0,0,0,0,0,0,1.03464411823394,0,0,0,0,0,0,0,0,0,0,0.0124213392651769,0,0,0,0,0,0,0,0,0,0,0.013452619313957,0,0,0,0,0,0,0,0,0,0,0,0,0,0,0,0,0.0560187571334928,0,0,0,0,0,0,0,0,0,0,0,0,0,0,0,0,0,0,0,0,0,0,0,0,0,0,0,0,0.0292099540169422,0.0100512915253775,0,0.00722822400494236,0.0111334723006235,0,0,0.0102218784393146,0,0,0.0298656945628048,0,0,0,0,0,0,0,0,0
"ASIL",0,0,0,0,0,0,0,0,0,0,0.0230590279652705,0.0241885208037175,0.0157179368452693,0.0234434082719695,0,0,0,0,0,0,0,0,0,0,0,0,0,0,0,0.0244589389414305,0.00555702992979388,0,0.0116671346967132,0,0,0,0,0,0.0128124158076502,0,0,0,0,0,0,0,0,0,0,0,0,0,0,0,0,0,0.0156127919933664,0.0269968546923757,0,0,0,0,0,0,0.036943484313247,0,0,0,0,0,0,0,0,0,0,0,0,0,0,0,0,0,0,0,0,0,0,0,0,0,0,0,0,0,0,0,0,0,0,0,0,0,0,0,0,0,0,0,0,0,0,0,0,0,0,0,0,0,0,0,0,0,0,0,0,0,0,0,0,0,0,0,0,0,0,0,0,0,0,0,0,0,0,0,0,0,0,0,0,0,0,0,0,0,0,0,0,0,0,0,0,0,0,0,0,0,0,0,0,0,0,0,0,0,0,0,0,0,0,0
"ASIR",0,0,0,0,0,0,0,0,0,0.0161676961267484,0,0.0232750516497144,0,0.0148545577233471,0,0,0,0,0,0.019182186581077,0,0,0,0,0,0,0,0,0,0,0,0.00552548149061465,0,0,0,0,0,0,0,0,0,0,0,0,0,0,0,0,0,0,0,0,0,0.0100650255759114,0,0.0100020357498174,0.0274646968354946,0.0156194148768048,0,0,0,0,0,0,0,0,0,0,0,0,0,0,0,0,0,0,0,0,0,0,0,0,0,0,0,0,0,0,0,0,0,0,0,0,0,0,0,0,0,0,0,0,0,0,0,0,0,0,0,0,0,0,0,0,0,0,0,0,0,0,0,0,0,0,0,0,0,0,0,0,0,0,0,0,0,0,0,0,0,0,0,0,0,0,0,0,0,0,0,0,0,0,0,0,0,0,0,0,0,0,0,0,0,0,0,0,0,0,0,0,0,0,0,0,0,0,0,0,0,0
"ASJL",0,0,0,0,0,0,0,0,0,0,0.0105247483083029,0,0,0,0,0,0,0,0,0,0,0,0.0308719449146389,0,0,0,0,0,0,0,0,0,0,0,0,0,0,0,0.0219410395737788,0,0,0,0,0,0,0,0,0,0,0,0,0,0,0,0,0,0,0,0,0,0,0,0,0,0,0,0,0,0,0,0,0,0,0,0,0,0,0,0,0,0,0,0,0,0,0,0,0,0,0,0,0,0,0,0,0,0,0,1.01019791950811,0,0,0,0,0,0,0,0,0,0,0,0,0,0,0,0,0,0,0,0,0,0,0,0,0,0,0,0,0,0,0,0,0,0,0,0,0,0,0,0,0,0,0,0,0,0,0,0,0,0,0,0,0,0,0,0,0,0,0,0,0,0,0,0,0,0,0,0,0,0,0,0,0,0,0,0,0,0,0,0,0
"ASJR",0,0,0,0,0,0,0,0,0,0,0,0,0,0,0,0,0,0.014398519821387,0,0,0,0,0.0304093263474588,0,0,0,0,0,0,0,0,0,0,0,0,0,0,0,0,0.0223711627383475,0,0,0,0,0,0,0,0,0,0,0,0,0,0,0,0,0,0,0,0,0,0,0,0,0,0,0,0,0,0,0,0,0,0,0,0,0,0,0,0,0,0,0,0,0,0,0,0,0,0,0,0,0,0,0,0,0,0,0,1.01100362113943,0,0,0,0,0,0,0,0,0,0,0,0,0,0,0,0,0,0,0,0,0,0,0,0,0,0,0,0,0,0,0,0,0,0,0,0,0,0,0,0,0,0,0,0,0,0,0,0,0,0,0,0,0,0,0,0,0,0,0,0,0,0,0,0,0,0,0,0,0,0,0,0,0,0,0,0,0,0,0,0
"ASKL",0.06007804029903,0,0,0,0,0,0.00638011991095192,0,0,0,0.0300302454696719,0,0.0138283166512143,0,0.044515041866135,0,0.0221993474531066,0,0,0,0,0,0,0,0,0,0,0,0,0,0.00967758908348304,0,0,0,0.0128124158076502,0,0,0,0,0,0,0,0,0,0,0,0,0,0,0,0,0,0,0,0.00877385046334419,0,0,0,0,0,0,0,0,0,0,0,0,0,0,0,0,0,0,0,0,0,0,0,0,0,0,0,0,0,0,0,0,0,0,0,0,0,0,0,0,0,0,0,1.02361188852079,0,0,0,0,0,0,0,0,0,0,0,0,0,0,0,0,0,0,0,0,0,0,0,0,0,0,0,0,0,0,0,0,0,0,0,0,0,0,0,0,0,0,0,0,0,0,0.0200732810888473,0,0,0,0,0,0,0,0,0,0,0,0,0,0,0,0,0,0,0,0,0,0,0,0,0,0,0,0,0,0.0220984196444282,0,0,0,0
"ASKR",0,0,0,0,0,0,0,0.00628851622627507,0,0,0.0305440506047209,0.0304243402634922,0,0.0125170761331021,0,0.033135148309848,0,0,0,0,0,0,0,0,0,0,0,0,0,0.0137850328991718,0,0,0,0,0,0,0,0,0.0155183434803783,0,0,0,0.0651122460190142,0.0663007212058955,0,0,0,0,0,0,0,0,0,0,0,0,0,0,0,0,0,0,0,0,0,0,0,0,0,0,0.586960931705704,0.572415056051237,0,0,0,0,0,0,0,0,0,0,0,0,0,0,0,0,0,0,0,0,0,0,0,0,0,0,0,1.02474832961924,0,0,0,0,0,0,0,0,0,0,0,0,0,0,0,0,0,0,0,0,0,0,0,0,0,0,0,0,0,0,0,0,0,0,0,0,0,0,0,0,0,0,0,0,0,0,0,0,0,0,0,0,0,0,0,0,0,0,0,0,0,0,0,0,0,0,0,0,0,0,0,0,0,0,0,0,0,0,0,0
"AUAL",0,0,0,0,0.0147658681726008,0,0,0,0,0,0,0,0,0,0,0,0,0.030445483052191,0,0,0,0,0,0,0,0,0,0,0,0,0,0,0,0,0,0,0,0,0,0,0,0,0,0,0,0,0,0,0,0,0,0,0,0,0,0,0,0,0,0,0,0,0,0,0,0,1.02072867715491,0,0,0,0,0,0,0,0,0,0,0,0,0,0,0,0,0,0,0,0,0,0,0,0,0,0,0,0,0,0,0,0,0,0,0,0.0195225890096735,0,0.00492234089064848,0,0,0,0,0,0,0,0,0,0,0.013998039608839,0,0,0,0,0,0,0,0,0,0,0,0,0,0,0,0,0,0,0,0,0,0,0,0,0,0,0,0,0,0,0,0,0,0,0,0,0,0,0.0245404365123922,0,0,0,0,0,0.0175496438487722,0,0,0,0,0,0,0,0,0,0,0.0155010831400785,0,0,0,0,0,0,0,0
"AUAR",0,0,0,0,0,0,0,0,0,0,0,0,0,0,0,0,0.0311600797545915,0,0,0,0,0,0,0,0,0,0,0,0,0,0,0,0,0,0,0,0,0,0,0,0,0,0,0,0,0,0,0,0,0,0,0,0,0,0,0,0,0,0,0,0,0,0,0,0,0,0,0,0,0,0,0,0,0,0,0,0,0,0,0,0,0,0,0,0,0,0,0,0,0,0,0,0,0,0,0,0,0,0,0,0,0,0,0.018606281680356,0,0.00526401822666155,0,0,0,0,0,0,0,0,0,0,0,0,0,0,0,0,0,0,0,0,0,0,0,0,0,0,0,0,0,0,0,0,0,0,0,0,0,0,0,0,0,0,0,0,0,0,0,0,0,0.02333629725409,0,0,0,0,0,0.0155215256529038,0,0,0,0,0,0.0144017557252145,0,0,0,0,0,0,0,0,0,0,0,0
"AVFL",0,0,0,0,0,0,0,0,0,0,0.0401786444510249,0,0,0,0,0,0,0,0,0,0,0,0,0,0,0,0,0,0,0,0,0,0,0,0,0,0,0,0,0,0,0,0,0.0047661309157691,0,0.0547785154515721,0.0477978888050377,0,0,0,0,0,0,0,0,0,0,0,0,0,0,0.133817137514513,0,0,0,0,0,0,0,0,0.529645925964342,0,0,0,0,0,0,0,0,0,0,0,0,0,0,0,0,0,0,0,0,0,0,0,1.00644317416758,0,0,0,0.966802620372019,0.967602811832627,0,0,0,0,0,0,0,0,0.00691353815102112,0,0,0,0,0,0,0,0,0,0,0,0,0,0,0,0,0,0,0,0,0,0,0,0,0,0,0,0,0,0,0,0,0,0,0,0,0,0,0,0,0,0,0,0,0,0,0,0,0,0,0,0.0672013231041854,0,0.0480603311523001,0.0524155414281216,0,0,0,0,0,0,0,0,0,0,0,0,0,0,0,0
"AVFR",0,0,0,0,0,0,0,0,0,0,0,0,0,0,0,0.0366796315135356,0,0,0,0,0,0,0,0,0,0,0,0,0,0,0,0,0,0,0,0,0.0474801223293101,0.0475143527082212,0,0.0663007212058955,0,0,0.0047661309157691,0,0,0,0,0,0,0.02933760008105,0,0,0,0,0,0,0,0,0,0,0,0.13269237341645,0,0,0,0,0.971155150658427,0,0,0,0.527846645431198,0.512684996713839,0,0,0,0,0,0,0,0,0,0,0,0,0,0,0,0,0,0,0,0,0,0,0,1.01301289874716,0,0,0.965173550409337,0.965896977951389,0,0,0,0,0,0,0,0,0,0.015956152871326,0,0,0,0,0,0,0,0,0,0,0,0,0,0,0,0,0,0,0,0,0,0,0,0,0,0,0,0,0,0,0,0,0,0.0411519218775837,0,0,0,0,0,0.0971322462346761,0,0,0,0,0,0,0,0,0,0,0,0,0,0.0529583447781426,0,0,0,0,0,0,0,0,0,0,0.0768988780929418,0,0,0,0,0
"AVHL",0,0,0,0,0,0.0269294591102152,0,0.0212926409125606,0,0,0,0,0,0,0,0,0,0,0,0,0,0,0,0,0,0,0,0,0,0,0,0,0,0.0281482395236585,0,0,0,0,0,0,0,0,0,0,0,0,0,0,0,0,0,0,0,0,0,0.0271946316867525,0,0,0,0,0,0,0,0,0,0,0,0,0,0,0,0,0,0,0,0,0,0,0,0,0,0,0,0,0,0,0,0,0,0,0,0,0,0,0,0,0,0.969748321143857,0,0,0,0,0,0,0,0,0,0,0,0,0,0,0,0,0,0.0200350063755605,0,0,0,0,0,0,0,0,0,0,0,0,0,0,0,0,0,0,0,0,0,0,0,0,0,0.0215300887658557,0,0.0253030953362183,0,0,0.0166369495823679,0,0,0,0,0,0,0,0,0,0,0,0,0,0,0.0304463755604115,0.00679726248895466,0,0,0,0,0,0,0,0,0,0,0,0,0,0,0,0,0
"AVHR",0,0,0,0,0.0271269961895088,0,0,0,0,0,0,0,0,0,0,0,0,0.00729324093124928,0,0,0,0,0,0,0,0,0,0,0,0,0,0,0,0,0,0,0,0,0,0,0,0,0,0,0,0,0.0265511386658487,0.00389893885804201,0,0,0,0,0,0,0.0274547936459305,0,0,0,0,0,0,0,0,0,0,0,1.01785040279825,0,0,0,0,0,0,0,0,0,0,0,0,0,0,0,0,0,0,0,0,0,0,0,0,0,1.02745849929514,0,0,0,0.962017509063391,0,0,0,0,0,0,0,0,0,0,0,0,0,0.0804633996036785,0,0,0.0246802214428629,0,0.0235349658171756,0,0,0,0,0,0,0,0,0,0,0,0,0.0248875218169166,0,0,0,0,0,0,0,0,0,0,0,0.0238434888501426,0,0.0256188191402458,0,0,0,0,0,0,0,0,0,0,0,0.0253015763003266,0,0,0,0,0,0,0,0.0249404427226769,0.0059623161004135,0,0,0,0,0,0,0,0,0,0,0,0,0,0,0,0
"AVJL",0,0,0,0,0,0,0,0,0,0,0,0,0,0,0,0,0,0,0,0,0,0,0,0,0,0,0,0,0,0,0,0,0,0,0,0,0,0,0.0174335209057687,0,0,0,0,0,0,0,0,0,0,0,0,0.318322418111977,0,0,0,0,0,0,0,0,0,0,0,0,0,0,0,0,0,0,0,0,0,0,0,0,0,0,0,0,0,0,0,0,0,0,0,0,0,0,0,0,1.02400236008868,1.02233868275777,0,1.05657956758323,0,0,0,0,0,0,0,0,0,0,0,0,0,0,0,0,0,0,0,0,0,0,0,0,0,0,0,0,0,0,0,0,0,0,0,0,0,0,0,0,0,0,0,0,0,0,0,0,0,0,0,0,0,0,0,0,0,0,0,0,0,0,0,0,0,0,0,0.0261410274177035,0,0,0,0,0,0,0.0027446840665184,0,0,0,0,0,0,0,0,0
"AVJR",0,0,0,0,0,0,0,0,0,0,0,0,0,0,0,0,0,0,0.028938824449982,0,0,0,0,0,0,0,0,0.0360525257924549,0,0,0,0,0,0,0,0,0,0,0,0,0,0,0,0,0,0,0,0,0,0,0,0.319528279604164,0,0,0,0,0,0,0,0,0,0,0,0,0,0,0,0,0,0,0,0,0,0,0,0,0,0,0,0,0,0,0,0,0,0,0,0,0,0,0,0,1.0241283492517,0,0,0,0.958658679902876,0,0,0,0,0,0,0,0,0,0,0,0,0,0,0,0,0.0234627832295105,0,0,0.0419246696329038,0,0,0,0,0,0,0,0,0,0,0,0,0,0,0,0,0,0,0,0,0,0,0,0,0,0,0,0,0,0,0,0,0,0,0,0,0,0,0,0,0,0,0,0.033639570182023,0,0.0243595265229412,0.00525905008651752,0,0,0,0,0,0,0,0,0,0,0,0,0,0,0,0
"AVKL",0,0,0,0,0,0,0,0,0,0,0,0,0,0,0,0,0,0,0,0,0,0,0,0,0,0,0,0,0,0,0,0,0,0,0,0,0,0,0,0,0,0,0,0,0,0,0,0,0,0.0196087962364789,0.0243787582599458,0,0,0,0,0,0,0,0,0,0,0,0,0,0,0,0,0,0,0,0,0,0,0,0,0,0,0,0,0,0,0,0,0,0,0,0,0,0,0,0,0,0,0,0,0,0,0,0,0,0,0,0,0,0,0,0,0,0,0,0,0,0,0.0350653662487111,0.0380301186715461,0,0.00563384474765014,0.0422791526503089,0,0,0,0.0546725321981077,0,0,0,0,0,0,0.0423813861430493,0,0,0,0,0,0,0.0541963218056874,0,0.0608063757386407,0,0,0,0,0,0,0.0527902239891831,0.0495052689864612,0.0576209910651329,0,0,0,0,0,0,0,0,0,0,0,0,0,0,0,0,0,0,0,0,0.0545516117214354,0,0,0,0.0544308212356807,0,0,0,0.0507655440096307,0.0499457632165257,0,0,0
"AVKR",0,0,0,0,0,0,0,0,0,0,0,0,0,0,0,0,0,0,0,0,0,0,0,0,0,0,0,0,0,0,0,0,0,0,0,0,0,0,0,0,0,0,0,0,0,0,0,0,0.0196087962364789,0,0,0,0,0,0,0,0,0,0,0,0,0,0,0,0,0,0,0,0,0,0,0,0,0,0,0,0,0,0,0,0,0,0,0,0,0,0,0,0,0,0,0,0,0,0,0,0,0,0,0,0,0,0,0,0,0,0,0,0,0,0,0,0,0.0217691138535483,0.0195813936816465,0,0.0185551406392036,0,0.0298541479857176,0,0,0.0414167300180812,0.0359300558540044,0,0,0,0,0,0.0264833227593329,0,0,0,0,0,0.0333558734052191,0,0.0465003210128369,0,0,0,0.0248287628300702,0,0,0,0,0,0,0.0422463299210343,0,0,0,0,0,0,0,0,0,0,0,0,0,0,0,0,0,0,0,0.0367556634772963,0.0303194786103443,0,0,0.0404888124063688,0,0,0,0,0,0,0,0
"AVL",0,0,0,0,0,0,0,0,0,0,0,0,0,0,0,0,0,0,0,0,0,0,0,0,0,0,0,0,0,0,0,0,0,0,0,0,0,0,0,0,0,0,0,0,0,0,0,0,0,0,0,0,0,0,0,0,0,0,0,0,0,0,0,0,0,0,0,0,0,0,0,0,0,0,0,0,0,0,0,0,0,0,0,0,0,0,0,0,0,0,0,0,0,0,0,0,0,0,0,0,0,0.949377712166551,0,0,0,0.0195935732248804,0,0,0,0,0,0,0,0,0,0,0.0249251308139747,0,0,0,0,0,0,0,0,0,0,0,0,0,0,0,0,0,0,0,0,0,0,0,0,0,0,0,0,0,0,0,0,0,0,0,0,0,0,0,0,0,0,0.0562784260847629,0,0,0,0,0,0,0,0,0,0,0,0,0,0,0,0,0,0.0506290295811417,0,0
"AVM",0,0,0,0,0,0,0,0,0,0,0,0,0,0,0,0,0,0,0,0,0,0,0,0.0821623971692267,0,0,0,0,0,0,0,0,0,0,0,0,0,0,0,0,0,0,0,0,0,0,0.318322418111977,0.319528279604164,0,0,0,0,0,0,0,0,0,0,0,0,0.147406082242326,0.146405221222373,0,0,0,0,0,0,0.295052368615117,0,0,0,0,0,0,0,0,0,0,0,0,0,0,0,0,0,0,0,0,0,0,0,0.706026114428828,0.70447921177439,0,0.738759095128552,0,0,0,0,0,0,0,0,0,0,0,0,0,0,0,0,0,0,0,0,0,0,0,0,0,0,0,0,0,0,0,0,0,0,0,0,0,0,0,0,0,0,0,0,0,0,0,0,0,0,0,0,0,0,0,0,0,0,0,0,0,0,0,0,0,0,0.320172570133085,0.322868816681864,0.319084464458227,0,0,0,0,0,0,0,0,0,0,0,0,0,0,0
"AWAL",0,0,0,0,0.00584456458226358,0,0.00867195033751059,0,0.00654813991360333,0,0.0221384007527785,0,0,0,0.0369028649008532,0,0,0,0.0253972771209091,0,0.0175736418060721,0,0,0,0,0,0,0,0.00682417451509705,0,0.00486922225726297,0,0,0,0.00974164806545844,0,0,0,0,0,0,0,0,0,0,0,0,0,0,0,0,0,0,0,0.00458429545772848,0,0,0,0,0,0,0,0,0,0,0,0,0,0,0,0,0.567211763940368,0,0,0,0,0,0,0,0,0,0,0,0,0,0,0,0,0,0,0,0,0,0,0,0,0,0,1.01947562439614,0,0,0,0,0,0,0,0,0,0,0,0,0,0,0,0,0,0,0,0,0,0,0,0,0,0,0,0,0,0,0,0,0,0,0,0,0,0,0,0,0,0,0,0,0,0,0,0,0,0,0,0,0,0,0,0,0,0,0,0,0,0,0,0,0,0,0,0,0,0,0,0,0,0,0,0,0,0,0,0,0
"AWAR",0,0,0,0,0,0.00407211045942395,0,0.0076893486090338,0,0.00630171209994752,0,0.0239384151995412,0,0,0,0,0,0,0,0.0154849512380165,0,0.0163340171665416,0,0,0,0,0,0,0,0.00653740167827593,0,0.00470031726821445,0,0.00512673850086485,0,0,0,0,0,0,0,0,0,0,0,0,0,0,0,0,0,0,0,0,0,0.00398602446249706,0,0,0,0,0,0,0,0,0,0,0,0,0,0,0,0,0,0,0,0,0,0,0,0,0,0,0,0,0,0,0,0,0,0,0,0,0,0,0,0,0,0,0,0,0,0,0,0,0,0,0,0,0,0.0746893363817127,0,0.0904925660038057,0,0,0,0,0,0,0,0,0,0,0,0,0,0,0,0,0,0,0,0,0,0,0,0,0,0,0,0,0,0,0,0,0,0,0,0,0,0,0,0,0,0,0,0,0,0,0,0,0,0,0,0,0,0,0,0,0,0,0,0,0,0,0,0,0,0,0,0
"AWBL",0,0,0,0,0.00507321427942877,0,0,0,0,0,0.025633688473679,0,0,0,0,0,0,0,0,0,0.0185887204226952,0,0,0,0,0,0,0,0,0,0,0,0.00607853465843126,0,0,0,0,0,0,0,0.0118782826548338,0,0,0,0,0.0274547936459305,0,0,0,0,0,0,0.00458429545772848,0,0,0,0,0,0,0,0,0,0,0,0,0,0,0,0,0,0,0,0,0,0,0,0,0,0,0,0,0,0,0,0,0,0,0,0,0,0,0,0,0,0,0,0,0,0,0,0,0,0.00999220715889388,0,0,0,0,0,0,0,0.0864992031642308,0,0,0,0,0.0156267292043153,0,0,0,0,0,0,0,0,0,0,0,0,0,0,0,0,0,0,0,0,0,0,0,0,0,0,0.0192071841011052,0,0,0,0,0,0,0,0,0,0,0,0,0,0,0,0,0,0,0,0,0,0,0,0,0,0,0,0,0,0,0,0,0,0,0,0,0
"AWBR",0,0,0,0,0.0252311063053253,0.00464743994548341,0,0,0,0,0,0.0268532310526825,0,0,0,0.0284494687656356,0,0,0,0.0192563789248362,0,0.0173325426176816,0,0,0,0,0,0,0,0,0,0,0,0,0,0,0,0,0,0,0,0.0123464765343194,0,0,0.0271946316867525,0,0,0,0,0,0,0,0,0.00398602446249706,0,0,0,0,0,0,0,0,0,0,0,0,0,0,0,0,0,0,0,0,0,0,0,0,0,0,0,0,0,0,0,0,0,0,0,0,0,0,0,0,0,0,0,0,0,0,0,0,0,0.00938164526982075,0,0,0,0,0,0,0,0.0913366663478105,0,0,0,0,0,0,0,0,0,0,0,0,0,0,0,0,0,0,0,0,0,0,0,0,0,0,0,0,0,0,0,0,0,0,0,0,0,0,0,0,0,0,0,0,0,0,0,0,0,0,0,0,0,0,0,0,0,0,0,0,0,0,0,0,0,0,0,0
"AWCL",0,0,0,0,0,0,0,0,0,0.0267644048101905,0.0226438055305695,0.0245906381925876,0.00450380472836578,0.0225188905855312,0,0,0,0,0.0253805718097647,0.0167772139350333,0,0.030559593381723,0,0,0,0,0,0,0,0,0,0,0,0,0,0.0274646968354946,0,0,0,0,0,0,0,0,0,0,0,0,0,0,0,0,0,0,0,0,0,0.0267271147505791,0.024936092527637,0.0342598383109692,0,0,0,0,0,0,0,0,0,0,0,0,0,0,0.0370476687757644,0,0,0,0,0,0.0379283687167749,0,0,0,0,0,0,0,0,0,0,0,0,0,0,0,0,0,0,0,0,0,0,0,0,0,0,0,0,0,0,0,0,0,0,0,0,0,0,0,0,0,0,0,0,0,0,0,0.0139904424407343,0,0,0,0,0,0,0,0,0,0,0,0,0,0,0,0,0,0,0,0,0,0,0,0,0,0,0,0,0,0,0,0,0,0,0,0,0,0,0,0,0,0,0,0,0,0,0,0,0,0,0
"AWCR",0,0,0,0,0,0,0,0,0,0,0.0227658023671883,0.0219547855421802,0.0222937342041576,0.00438175844054074,0,0,0,0,0.0315897681590693,0.0136240574501963,0.0309154185528334,0.0159721517047055,0,0,0,0,0,0,0,0.00845832866635749,0,0,0,0,0,0.0156194148768048,0,0,0,0,0,0,0,0,0,0,0,0,0,0,0,0,0,0,0,0,0.0267271147505791,0,0,0,0,0,0,0,0,0,0,0,0,0,0,0,0,0,0,0,0,0,0,0,0,0,0,0,0,0,0,0,0,0,0,0,0,0,0,0,0,0,0,0,0,0,0,0,0,0,0,0,0,0,0,0,0,0,0,0,0,0,0,0,0,0,0,0,0,0,0,0,0,0,0,0,0,0,0,0,0,0,0,0,0,0,0,0,0,0,0,0,0,0,0,0,0,0,0,0,0,0,0,0,0,0,0,0,0,0,0,0,0,0,0,0,0,0,0,0,0,0,0,0
"BAGL",0,0,0,0,0,0,0,0,0,0,0,0,0,0,0,0,0,0,0,0,0,0,0,0,0,0,0,0,0,0,0,0,0,0,0,0,0,0,0,0,0,0,0,0,0,0,0,0,0,0,0,0,0,0,0,0,0,0,0,0,0,0,0,0,0,0,0,0,0,0,0,0,0,0,0,0,0,0,0,0,0,0,0,0,0,0,0,0,0,0,0,0,0,0,0,0,0,0,0,0,0,0,0,0.0298638367545619,0,0.0399956366663134,0,0,0,0,0,0.116135062738458,0,0,0,0,0,0,0,0,0,0,0,0,0,0,0,0,0,0.031865241189951,0,0,0,0,0,0,0,0,0,0,0,0,0,0,0,0,0,0,0,0,0,0,0,0,0,0,0,0,0,0,0,0.0309756701463524,0,0,0,0,0,0.0286144151349565,0,0,0,0,0,0,0,0,0,0,0,0
"BAGR",0,0,0,0,0,0,0,0,0.0303404935559518,0,0,0,0,0.0239366282723126,0,0,0,0,0.051416465356592,0,0,0,0,0,0,0,0,0,0,0,0,0,0,0,0,0,0,0,0,0,0,0,0,0,0,0,0,0,0,0,0,0,0,0,0,0,0,0,0.0242581223591321,0,0,0,0,0,0,0,0,0,0,0,0,0,0,0,0,0,0,0,0,0,0,0,0,0,0,0,0,0,0,0,0,0,0,0,0,0,0,0,0,0,0,0,0.027633480181713,0,0.0384525150652561,0.0321547414915845,0,0,0,0,0.110637495441899,0,0,0,0,0.0256757178347193,0,0,0,0,0,0,0,0,0,0,0,0,0.0321502458801834,0,0,0,0,0,0,0,0,0,0,0,0,0,0,0,0,0,0,0,0,0,0,0,0,0,0,0,0,0,0,0,0.0287566476689521,0,0,0,0,0,0,0,0,0,0,0.0264359845679734,0,0,0,0,0,0,0,0
"BDUL",0,0,0.144758763105047,0,0,0,0,0,0,0,0,0,0,0,0,0,0,0,0,0,0,0,0,0,0,0,0,0,0,0,0,0,0,0,0,0,0,0,0,0,0,0,0.135324860440072,0.133315034970624,0,0,0.17619518247041,0,0,0.160370520963613,0,0.147406082242326,0,0,0,0,0,0,0,0,0,0,0,0,0,0,0,0,0,0,0,0,0,0,0,0,0,0,0.233928343042299,0,0,0,0,0,0,0,0,0,0,0,0,0,0,0.84802871529198,0.874384398131453,0.882360921009209,0,0,0,0,0,0,0,0,0,0,0,0,0,0,0,0,0,0,0,0,0,0,0,0,0,0,0,0,0,0,0,0,0,0,0,0,0,0,0,0,0,0,0.536233600724258,0,0,0,0,0,0,0,0,0,0.224685621318641,0,0,0,0,0,0,0,0,0,0,0,0,0,0,0,0.173659698094254,0,0,0,0,0,0,0,0,0,0.199294083933808,0,0,0,0,0
"BDUR",0,0,0,0,0,0,0,0,0,0,0,0,0,0,0,0,0,0,0,0,0,0,0,0,0.184382747884877,0,0,0,0,0,0,0,0,0,0,0,0,0,0,0,0,0,0.133817137514513,0.13269237341645,0,0,0,0.174693651756618,0,0,0,0.146405221222373,0,0,0,0,0,0,0,0,0,0,0,0,0,0,0,0,0,0,0,0.383964771842438,0,0,0,0,0,0,0,0,0,0,0,0,0,0,0,0,0,0,0,0,0,0,0.875516629028523,0.883726951986629,0,0,0,0,0,0,0,0,0,0,0,0,0,0,0,0,0,0,0,0,0,0,0,0,0,0,0,0,0,0,0,0,0,0,0,0,0,0,0,0,0,0,0,0,0,0,0,0,0,0,0,0,0,0,0,0,0,0,0,0,0,0,0,0,0,0,0,0,0,0,0,0,0,0,0,0,0,0,0,0,0,0,0,0
"CEPDL",0,0,0,0,0,0,0,0,0,0,0,0,0,0,0,0,0,0,0,0,0,0,0,0,0,0,0,0,0,0,0,0,0,0,0,0,0,0,0,0,0,0,0,0,0,0,0,0,0,0,0,0,0,0,0,0,0,0,0,0,0,0,0,0,0,0,0,0,0,0,0,0,0.0243594671422247,0,0.0293334722749136,0,0,0,0,0,0,0,0,0,0.0269320180689384,0,0.0174555655187142,0,0,0,0,0,0,0,0,0,0,0,0,0,1.05971042971027,0,0,0,0.0237050898163902,0,0.0366243123122298,0.0393431276062764,0,0,0,0,0,0,0,0,0.0632440373609936,0,0,0,0,0,0,0.0131981367796036,0,0,0,0,0,0,0,0,0.0241088464459236,0.0241528063845591,0,0,0,0,0,0,0,0,0,0,0,0,0,0,0,0,0,0,0.0249170255783445,0,0.00269495789333989,0,0.0219999501064775,0,0,0,0,0,0,0,0,0,0,0.0204128391257041,0,0,0,0,0,0,0,0,0,0,0,0
"CEPDR",0,0,0,0,0,0,0,0,0,0,0,0,0,0,0,0,0,0,0,0,0,0,0,0,0.379080033144079,0,0,0,0,0,0,0,0,0,0,0,0,0,0,0,0,0,0,0,0,0,0,0.0229773212408725,0,0,0,0,0,0,0,0,0,0,0,0,0,0,0,0,0,0,0,0,0,0,0,0,0,0.0238630542104317,0,0,0,0,0,0,0,0,0,0,0,0.0262159212493692,0,0.0167892430801131,0,0,0,0,0,0,0,0,0,0,0,0,0,0,0,0,0,0,0.0409220500282626,0.0340372469061927,0,0,0,0,0,0,0,0,0,0,0,0.0253953975591543,0.0220111481431143,0,0,0,0.0120609676649772,0,0,0,0,0,0,0.0696538114450898,0.0270343727098022,0.0242929716961125,0,0,0,0,0,0,0.0286939799530646,0,0,0,0.0236431695425048,0,0,0,0,0.0273733104287393,0,0,0,0.0250460439584528,0,0.00297399260780016,0,0.0218590061620062,0,0,0,0,0,0,0.0250115457792122,0,0.0225361217167296,0,0.0259937564694029,0,0,0.0222773034811358,0,0,0,0,0,0,0,0
"CEPVL",0,0,0,0,0,0,0,0,0,0,0,0,0,0,0,0,0,0,0,0,0,0,0,0,0,0,0,0,0,0,0,0,0,0,0,0,0,0,0,0,0,0,0,0,0,0,0,0,0,0,0,0,0,0,0,0,0,0,0,0,0,0,0,0,0,0,0,0,0,0,0,0,0,0,0,0,0.0150266338155997,0,0,0,0,0,0,0,0.0174613829725054,0,0,0,0.00611382117623668,0,1.05086382890198,0,0,0,0,0,0,0,0,0,1.07446086317544,0,0.0214360267988701,0,0.0328280814671296,0,0.045579067542534,0.0477588882884315,0,0,0,0,0,0,0,0,0,0,0,0.0236821919019598,0,0,0,0,0,0,0,0,0,0,0,0,0.0272562054717591,0.0257322658668184,0,0,0,0,0,0,0,0,0.0341218142915478,0,0,0,0,0.0285585379431988,0,0,0.00851176026980466,0,0.0132455309385374,0,0,0,0,0,0.0116210650934521,0,0,0,0,0,0,0.011826816671367,0,0.0241245308406454,0,0,0,0,0,0,0,0,0,0,0.0400034581024722,0
"CEPVR",0,0,0,0,0,0,0,0,0,0,0,0,0,0,0,0,0,0,0,0,0,0,0,0,0,0,0,0,0,0,0,0,0,0,0,0,0,0,0,0,0,0,0,0,0,0,0,0,0,0,0,0,0,0,0,0,0,0,0,0,0,0,0,0,0,0,0,0,0,0,0,0,0,0,0,0.0158889340176977,0,0.0163378752467426,0,0,0,0,0,0,0,0.0164639191325494,0,0,0,0.00614887159363407,0,0,0,0,0,0,0,0,0,0,1.07246642582374,0,0,0,0,0,0.0469286906971298,0.0424947053089779,0,0,0,0,0,0,0,0,0,0,0,0,0.0224137229257128,0,0.0174860574927748,0,0,0,0,0,0,0,0,0,0.0275032258477301,0.0237209148633253,0,0,0,0,0,0,0,0,0,0.0392600461814792,0,0,0.0267310188717504,0,0,0,0,0.00849428711969845,0,0.0133324540888484,0,0.0218895805157671,0,0,0,0.0116713492351463,0,0,0,0,0,0,0.0117128643219752,0.0169158877565959,0,0,0,0.0217564045976265,0,0,0,0,0,0,0,0.0426244541799731
"DVA",0,0.977222456931107,0.981909158593048,0,0,0,0,0,0,0,0,0,0,0,0,0,0,0,0,0,1.00917692824903,1.01117519576272,0,0,0,0,0,0.982479579086642,0,0,0,0,0,0,0,0,0,0,0,0,1.02072867715491,1.0209218455289,0,0,0,0,0,0,0,0,0,0,0,0,0,0,0,0,0,0,0,0,0,0,0,0,0,0,0,1.00060206741406,0,0,0,0,0,0,0,0,0,0,0,0,0,0,0,0,0,0,1.05549123082979,1.05459965587325,0,0,0.0147180977164382,0.0116523363403009,0,0,0,0,0,0,0,0,1.03452318611889,1.03385718087919,1.01902215279872,0,0,0,0,0,0,0,1.0405852179849,1.0168456931698,0,1.03042716103205,0,0,0,0,0,0,0,0,0,0,0,0,0,0,0,0,0,0,0,0,0,0,0,0,1.02231681194813,1.02167209323697,1.0181295503384,1.01159600932701,0,0,0,0,0,0,0,0,0,0,0,0,0,1.05748153204563,1.06117685893496,0,1.03603823034101,1.03487884540029,0,1.01806551016077,0,0,1.05677344859283,1.03336316550507,0,1.03139090359663,1.01430537889642,1.03475316988616,0,0,0,0,0,0,0,0
"DVC",0,0,0,0,0,0,0,0,0,0,0,0,1.03132579624803,1.03072516742537,0,0,0,0,0,0,1.01204464615207,0,0,0,0,0,0,0.985480723526039,0,0,0,0,0,0,0,0,0,0,0,0,0,0,0,0,0,0,0,0,0.98570031998412,0,0,0,0,0,0,0,0,0,0,0,0,0,0,0,0,0,0,0,0,1.00359938976872,0,0,0,0,0,0,0,0,0,0,0,0,0,0,0,0,0,0,0,0,0,0,0,0,0,0,0,0,0,0,0,0,0,0,1.021901897504,1.0224832016098,0,0,0,0,0.946610545897878,0.942253643564899,0,0,0,0,0,0,1.01851814280371,0,0,0,0,0,0,0,0,0,1.02766232968952,1.02852183277485,0,0,0,0,0,0,0,0,0,0,0,0,0,0,0,0,0,0,0,0,0,0,0,0,0,0,0,0,1.06404983588077,0,1.03889693140147,1.03785130974954,0,0,0,0,0,1.03631869198986,0,0,0,1.0376309210314,0,0,0,0,0,0,0,0
"FLPL",0,0,0,0.0318547178180191,0,0,0,0,0,0,0,0,0,0.0439889351277327,0,0,0,0,0,0,0,0,0,0,0,0,0,0,0,0,0,0,0,0,0,0,0,0,0,0,0,0,0,0,0,0,0,0,0,0,0,0,0,0,0,0,0,0,0,0,0,0,0,0,0,0,0.991766403013378,0,0,0.0327713366922033,0,0,0,0,0,0,0,0,0,0,0,0,0,0,0,0,0,0,0,0,0,0,1.00102299052234,0,0,0,0,0,0,0,0,0,0,0,0,0,0,0,0,0,0,0,0.0513133802337716,0,0,0,0.0208539240256031,0,0,0,0,0,0,0,0,0,0,0,0,0,0,0,0,0,0,0,0,0,0.68793559876577,0.232016695342336,0,0,0,0,0,0,0,0,0,0,0,0,0,0,0,0,0,0,0,0,0.0455657887444764,0.0521963237525522,0.0264864943547296,0.0396820983233466,0,0,0,0.0484624594805737,0,0,0.0240222852508223,0.0441608446167601,0,0,0,0,0,0,0,0
"FLPR",0,0.0235558840181174,0,0.0120032799391198,0,0,0,0,0,0,0,0,0.0375529094973845,0,0,0,0,0,0,0,0,0,0,0,0,0,0,0,0,0,0,0,0,0,0,0,0,0,0,0,0,0,0,0,0,0,0,0,0,0,0,0,0,0,0,0,0,0,0,0,0,0,0,0,0,0,0,0,0.0327713366922033,0,0,0,0,0,0,0,0,0,0,0,0,0,0,0,0,0,0,0,0,0,0,0,1.01015289562958,0,0,0,0,0,0,0,0,0,0,0,0,0,0,0,0,0,0,0,0,0,0,0,0,0,0,0,0,0,0,0,0,0,0,0,0,0,0,0,0,0,0,0,0,0,0,0,0,0,0,0,0,0,0,0,0,0,0,0,0,0,0,0,0,0,0,0,0.046442423771604,0.0351647701120205,0.0318275517744159,0,0,0,0,0,0,0,0.0333119247898275,0.0428351772650485,0,0,0,0,0,0,0,0
"HSNL",0,0,0,0,0,0,0.580560848636498,0,0,0,0.569162322264525,0.568257286448624,0,0,0,0,0,0,0,0,0,0,0,0,0,0,0,0,0,0,0,0,0.58155813430723,0,0,0,0,0,0,0.586960931705704,0,0,0,0.527846645431198,0,0.574790506047706,0,0,0,0,0,0,0,0,0.583207629132976,0.582547872469843,0,0,0,0,0.397412282652569,0,0,0,0,0,0,0,0,0,0,0.033006058073197,0,0,0,0,0,0,0,0,0,0,0,0,0,0,0,0,0,0,0,0,0,0,0.477523041049543,0.485494779206449,0,0,0.438123944301956,0,0,0,0,0,0,0,0,0,0.522915919645922,0.512161535536595,0,0,0,0,0,0,0,0,0,0,0,0,0,0,0,0,0,0,0,0,0.524625429016831,0,0,0,0,0,0,0,0,0,0,0,0,0,0,0,0,0,0,0,0,0,0,0,0,0,0,0,0,0,0,0,0,0,0,0,0,0,0,0,0,0,0,0,0,0,0,0,0,0
"HSNR",0,0,0,0,0,0,0,0,0,0,0,0.553229496293483,0,0,0,0,0,0,0,0,0,0,0,0,0,0,0,0,0,0,0,0,0.565898191063745,0.56751036192495,0,0,0,0,0,0.572415056051237,0,0,0,0,0,0,0.556423034254711,0,0,0,0,0.238142932380889,0.567211763940368,0,0.567563084097679,0,0,0,0,0,0,0.383964771842438,0,0,0,0,0,0,0,0,0,0,0,0,0,0,0,0,0,0,0,0,0,0,0,0,0,0,0,0,0,0,0,0,0,0,0,0,0,0.453996236297897,0,0,0,0,0,0,0,0,0,0.497179987121506,0,0,0,0,0,0,0,0,0,0,0,0,0,0,0,0,0,0,0,0,0,0,0,0,0,0,0,0,0,0,0,0,0,0,0,0,0,0,0,0,0,0,0,0,0,0,0,0,0,0,0,0,0,0,0,0,0,0,0,0,0,0,0,0,0,0,0,0,0,0
"IL1DL",0,0,0,0,0,0,0,0,0,0,0,0,0,0,0,0,0,0,0,0,0,0,0,0,0,0,0,0,0,0,0,0,0,0,0,0,0,0,0,0,0,0,0,0,0,0,0,0,0,0,0,0,0,0,0,0,0,0,0,0,0,0,0,0,0,0,0,0,0,0,0,0,0,0,0.0113830577573098,0,0,0,0,0,0,0,0,0,0.00737987915932571,0,0,0,0,0,0,0,0,0,0,0,0,0,0,0,1.08393431536554,0,0,0,0,0,0,0,0,0,0,0,0,0,0,0,0,0,0,0,0.0393646428888365,0,0,0.0252051268036386,0,0,0.0124144500765489,0,0,0,0,0,0,0,0,0,0,0,0,0,0,0,0,0,0,0,0,0,0.00450258870852369,0,0,0,0,0,0,0,0,0,0,0,0,0,0,0,0,0.0102443132662407,0,0,0,0,0,0,0,0,0,0,0,0,0,0
"IL1DR",0,0,0,0,0,0,0,0,0,0,0,0,0,0,0,0,0,0,0,0,0,0,0,0,0,0,0,0,0,0,0,0,0,0,0,0,0,0,0,0,0,0,0,0,0,0,0,0,0,0,0,0,0,0,0,0,0,0,0,0,0,0,0,0,0,0,0,0,0,0,0,0,0,0,0,0.0108891360352303,0,0,0,0,0,0,0,0,0,0.00670924539930721,0,0,0,0,0,0,0,0,0,0,0,0,0,0,0,0,0,0,0,0,0,0,0,0,0,0,0,0,0,0,0,0,0,0,0,0,0,0,0.0248174997560315,0,0,0,0,0,0,0,0,0,0,0,0,0,0,0,0,0,0,0,0,0,0,0,0,0,0,0,0,0,0,0,0,0,0,0,0,0,0,0,0,0,0.00830504350718586,0,0,0,0,0,0,0,0,0,0,0.0111511833032419,0,0
"IL1L",0,0,0,0,0,0,0,0,0,0,0,0,0,0,0,0,0,0,0,0,0,0,0,0,0,0,0,0,0,0,0,0,0,0,0,0,0,0,0,0,0,0,0,0,0,0,0,0,0,0,0,0,0,0,0,0,0,0,0,0,0,0,0,0,0,0,0,0,0,0,0,0,0,0,0,0,0,0,0,0,0,0,0,0,0,0,0,0,0,0,0,0,0,0,0,0,0,0,0,0,0,0,0,0,0,0,0,0,0,0,0,0,0,0,0,0,0,0,0,0.0380037538339142,0.0406576869701859,0.0297394570670116,0.0387351733177112,0.0245500339071813,0,0,0,0,0,0,0,0,0,0.0405837921629821,0,0,0,0,0,0,0,0,0,0,0,0,0,0,0,0,0,0,0,0,0,0,0,0,0,0,0,0,0,0,0,0,0,0.0365980668141263,0,0,0,0,0,0,0,0,0,0.0244411273043256,0,0
"IL1R",0,0,0,0,0,0,0,0,0,0,0,0,0,0,0,0,0,0,0,0,0,0,0,0,0,0,0,0,0,0,0,0,0,0,0,0,0,0,0,0,0,0,0,0,0,0,0,0,0,0,0,0,0,0,0,0,0,0,0,0,0,0,0,0,0,0,0,0,0,0,0,0,0,0.0108891360352303,0,0,0,0.0102787683365092,0,0,0,0,0,0,0,0,0,0,0,0,0,0,0,0,0,0,0,0,0,0,0,0,0,0,0,0,0,0,0,0,0,0,0,0,0,0,0,0,0,0.039714735310477,0.0377120584008368,0.035973307535979,0.031179335235106,0.0336921175174921,0.0258598658865794,0,0.0233712435233585,0,0.0428612603987418,0,0,0,0.0427091047725043,0,0,0,0,0,0,0,0,0,0,0,0,0,0,0,0,0,0,0,0,0,0,0,0,0,0,0,0,0,0,0,0,0,0,0,0,0,0,0.0344094174121072,0,0,0,0,0,0,0,0
"IL1VL",0,0,0,0,0,0,0,0,0,0,0,0,0,0,0,0,0,0,0,0,0,0,0,0,0,0,0,0,0,0,0,0,0,0,0,0,0,0,0,0,0,0,0,0,0,0,0,0,0,0,0,0,0,0,0,0,0,0,0,0,0,0,0,0,0,0,0,0,0,0,0,0,0,0,0,0,0,0,0,0,0,0,0,0,0,0,0,0,0,0,0,0,0,0,0,0,0,0,0,0,1.08938837261622,0,0,0,0,0,0,0,0,0,0,0,0,0,0,0,0,0,0,0.038638954482693,0,0,0,0,0.03510108328323,0,0.0173612035378095,0,0,0,0,0,0,0,0,0,0,0,0,0,0,0,0,0,0,0,0,0,0,0,0.00689121967388575,0,0,0,0,0,0,0,0,0,0,0,0,0,0,0.0134497312066543,0,0,0,0,0,0,0,0,0,0,0,0,0,0
"IL1VR",0,0,0,0,0,0,0,0,0,0,0,0,0,0,0,0,0,0,0,0,0,0,0,0,0,0,0,0,0,0,0,0,0,0,0,0,0,0,0,0,0,0,0,0,0,0,0,0,0,0,0,0,0,0,0,0,0,0,0,0,0,0,0,0,0,0,0,0,0,0,0,0,0,0,0,0,0,0,0,0,0,0,0,0,0,0,0,0,0,0,0,0,0,0,0,0,0,0,0,0,0,0,0,0,0,0,0,0,0,0,0,0,0,0,0,0,0,0,0,0,0.0380433444819853,0,0,0,0,0,0,0,0,0,0,0,0,0,0,0,0,0,0,0,0,0,0,0,0,0,0,0,0,0,0,0,0,0,0,0,0,0,0,0,0,0,0,0,0,0,0.0142460891700363,0,0,0,0,0,0,0,0,0,0,0.0181510717766369,0,0
"IL2DL",0,0,0,0,0,0,0,0,0,0,0,0,0,0,0,0,0,0,0,0,0,0,0,0,0,0,0,0,0,0,0,0,0,0,0,0,0,0,0,0,0,0,0,0,0,0,0,0,0,0,0,0,0,0,0,0,0,0,0,0,0,0,0,0,0,0,0,0,0,0,0,0,0.0126568589359683,0,0,0,0,0,0,0,0,0,0,0,0,0,0.0196176568268231,0,0,0,0,0,0,0,0,0,0,0,0,0,0,0,0,0,0,0,0,0,0,0,0.133570542993089,0,0.0383298774874526,0,0,0,0,0,0,0,0,0,0,0.0349572218262908,0,0.0254560956983416,0.0209938840889585,0.0348356852494231,0,0,0,0,0.0523485515335071,0,0,0,0,0,0,0,0,0,0,0,0,0,0,0,0.00932184114140684,0,0,0,0,0,0,0,0,0,0,0,0,0,0,0,0,0.0173816220631699,0,0,0,0,0,0.0402732012371828,0,0,0,0,0,0.0283015604555429,0,0
"IL2DR",0,0,0,0,0,0,0,0,0,0,0,0,0,0,0,0,0,0,0,0,0,0,0,0,0,0,0,0,0,0,0,0,0,0,0,0.0533222096448211,0,0,0,0,0,0,0,0,0,0,0,0,0,0,0,0,0,0,0,0,0,0.0459710836848149,0,0,0,0,0,0,0,0,0,0,0,0,0,0,0,0.0111277264039819,0,0,0,0,0,0,0,0,0,0,0,0,0,0.01775408524731,0,0,0,0,0,0,0,0,0,0,0,0,0,0,0,0,0,0,0,0,0,0,0,0,0.0364060604072317,0,0,0,0,0,0,0,0,0,0,0,0,0.020977070610699,0.0267262604064336,0.0338882446547656,0,0,0,0,0,0,0,0,0,0,0,0,0,0,0,0,0,0,0,0,0,0.00724827926778143,0,0,0,0,0,0,0,0,0,0,0,0,0,0,0,0,0.0154043468525324,0,0,0,0,0,0,0,0,0,0,0.0193624953498219,0,0
"IL2L",0,0,0.0842962293673144,0,0,0,0.0431094578243133,0,0,0,0,0,0,0,0,0,0,0,0,0,0,0,0,0,0,0,0,0,0,0,0,0,0,0,0,0,0,0,0,0,0,0,0,0,0,0,0,0,0,0,0,0,0,0,0,0,0.0379283687167749,0,0,0,0,0,0,0,0,0,0,0,0,0,0,0,0,0,0,0,0,0,0,0,0,0,0,0,0.00577082401097322,0,0.017425601260699,0,0.012081646608208,0,0,0,0,0,0,0,0,0,0,0,0,0,0,0,0,0,0,0.0638639398386817,0,0,0,0,0.0306163810703315,0,0,0,0,0,0,0,0,0.0307414206400542,0.0413878343670426,0,0,0,0,0,0,0,0,0,0,0,0,0,0,0,0,0,0,0,0.0503335447058545,0,0,0,0,0,0,0,0.0115047966559062,0,0.006086942640039,0,0.0322753581082476,0,0,0,0,0,0,0,0,0,0,0,0,0,0,0,0,0,0,0,0,0,0,0,0,0
"IL2R",0,0,0,0.0770807003320019,0,0,0,0,0,0,0,0,0,0,0,0,0,0,0,0,0,0,0,0,0,0,0,0,0,0,0,0,0,0,0,0,0,0,0,0,0,0,0,0,0,0,0,0,0,0,0,0,0,0,0,0,0,0,0,0,0,0,0,0,0,0,0,0,0,0,0,0,0,0.0114129352668913,0,0.00320874987826256,0,0,0,0,0,0,0,0,0,0,0,0.0163236274427783,0,0.0121185598231597,0,0,0,0,0,0,0,0,0,0,0,0,0,0,0,0,0.063948458649696,0,0,0,0,0,0.0292700028092436,0,0,0,0,0,0,0,0,0.0386659310078411,0,0,0,0.0211072242242585,0.0260140836630492,0.027160203516876,0,0,0,0,0,0,0,0,0,0,0,0,0,0,0,0,0,0,0,0,0,0.00764151257625904,0,0,0,0,0,0.0313092846028738,0,0,0,0,0,0,0,0,0,0,0,0,0,0,0,0,0,0,0,0,0,0.0124596841415122,0,0
"IL2VL",0,0,0,0,0,0,0,0,0,0,0,0,0,0.0470794988349162,0,0,0,0,0,0,0,0,0,0,0,0,0,0,0,0,0,0,0,0,0,0,0,0,0,0,0,0,0,0,0,0,0,0,0,0,0,0,0,0,0,0,0,0,0,0,0,0,0,0,0,0,0,0,0,0,0,0,0,0,0,0,0.00555509595017269,0,0,0,0,0,0,0,0,0,0,0,0.0165362617403012,0,0,0,0,0,0,0,0,0,0,0,0,0,0.0388572310526384,0,0.052776860585689,0,0,0,0,0,0,0,0,0,0,0,0,0,0,0,0,0,0,0,0,0.030755852523595,0.0207934909155035,0.0285269077131026,0,0,0,0,0,0,0,0,0,0,0,0,0,0,0,0,0,0,0,0,0,0,0.0118290529028374,0,0,0,0,0,0,0,0,0,0,0,0,0,0,0.0166841367748492,0,0,0,0,0,0,0,0,0,0,0,0.027733447245046,0,0
"IL2VR",0,0,0,0,0,0,0,0,0,0,0,0,0,0,0,0,0,0,0,0,0,0,0,0,0,0,0,0,0,0,0,0,0,0,0,0,0,0,0,0,0,0,0,0,0,0,0,0,0,0,0,0,0,0,0,0,0,0,0,0,0,0,0,0,0,0.0177223637849188,0,0,0,0,0,0,0,0,0,0,0,0.00398913372684158,0,0,0,0.0111838978139332,0,0,0,0,0,0,0,0.0135146407878641,0,0,0,0,0,0,0,0,0,0,0,0,0,0.0359411108186016,0,0,0,0,0,0,0,0,0.0275649724018658,0,0,0,0,0,0,0,0,0,0,0,0,0.0273487501214064,0.0245432108818432,0.0246860607254504,0,0,0,0,0,0,0,0,0,0,0,0,0,0,0,0,0,0,0,0,0,0,0,0.00985419618344769,0,0,0,0.0364776607901158,0,0,0,0.00836024591257638,0,0,0,0,0,0,0.0145123438837426,0,0,0,0,0,0,0,0,0,0,0.0184406655121568,0,0
"OLLL",0,0,0,0,0,0,0,0,0,0,0,0,0,0,0,0,0,0,0,0,0,0,0,0,0,0,0,0,0,0,0,0,0,0,0,0,0,0,0,0,0,0,0,0,0,0,0,0,0,0,0,0,0,0,0,0,0,0,0,0,0,0,0.0269320180689384,0,0.0174613829725054,0,0,0,0,0,0,0,0.00737987915932571,0,0.00443961815644094,0,0.0130142345895994,0,0,0,0,0,0,0,0,0,0,0,0,0,0,0,0,0,0,0,0,0,0,0,0,0,0,0,0.04525755927881,0,0,0,0,0,0,0,0,0,0,0,0,0,0,0.0380043736895012,0,0.0297018147922501,0.0380592045012192,0.0239710441698677,0,0,0.00998433525031212,0.0252213420368668,0,0,0,0,0,0,0,0,0,0,0,0,0,0,0,0,0.032599841023625,0.0379070058302634,0.0286164443204755,0.0359036078934363,0,0,0,0,0,0,0,0,0,0,0.00741072728591803,0,0,0,0,0,0,0,0,0.0357042996250977,0,0,0,0,0,0,0,0,0,0,0,0
"OLLR",0,0,0,0,0,0,0,0,0,0,0,0,0,0,0,0,0,0,0,0,0,0,0,0,0,0,0,0,0,0,0,0,0,0,0,0,0,0,0,0,0,0,0,0,0,0,0,0,0,0,0,0,0,0,0,0,0,0,0,0,0,0,0,0.0262159212493692,0,0.0164639191325494,0,0,0,0,0,0,0,0.00670924539930721,0,0.00483074863989786,0,0.0141492212959318,0,0,0,0,0,0,0,0,0,0,0,0,0,0,0,0,0,0,0,0,0,0,0,0,0,0,0,0.0428302877737385,0,0,0,0,0,0,0,0,0,0,0,0,0,0,0.0368758566319991,0.0350898726152753,0.0300045129548248,0,0.0240152864728905,0,0,0,0,0,0,0,0,0,0,0,0,0,0,0,0,0,0,0,0.0327644503306366,0,0.0341010572027283,0,0,0,0,0,0,0,0,0,0,0,0,0,0,0,0,0,0,0,0,0,0,0,0,0.0331887153379164,0,0,0,0,0,0.00919556289484907,0,0
"OLQDL",0,0,0,0,0,0,0,0,0,0,0,0,0,0,0,0,0,0,0,0,0,0,0,0,0,0,0,0,0,0,0,0,0,0,0,0,0,0,0,0,0,0,0,0,0,0,0,0,0,0,0,0,0,0,0,0,0,0,0,0,0,0,0.0174555655187142,0,0,0,0,0,0,0,0,0,0.00713498313768154,0,0,0,0,0,0.0196176568268231,0,0.017425601260699,0,0,0,0,0,0,0,0,0,0,0,0,0,0,0,0,0,0,0,0,0,0,0,0,0,0.0525753809462245,0.0531475633003586,0,0,0,0,0.0256171897625037,0,0,0,0,0,0,0,0.0345656103991471,0,0,0,0,0,0,0.0232454150973235,0,0,0,0,0.0366704024150438,0,0,0,0,0,0,0,0,0.0400431203419358,0,0,0,0,0,0,0,0,0,0,0,0,0,0,0,0,0,0,0,0,0,0,0,0,0,0,0,0,0,0,0.0397104164841386,0,0,0,0,0,0,0
"OLQDR",0,0,0,0,0,0,0,0,0,0,0,0,0,0,0,0,0,0,0,0,0,0,0,0,0,0,0,0,0,0,0,0,0,0,0,0,0,0,0,0,0,0,0,0,0,0,0,0,0,0,0,0,0,0,0,0,0,0,0,0,0,0,0,0,0,0,0,0,0,0,0,0,0,0,0,0,0,0,0,0,0,0.0163236274427783,0,0,0,0,0,0,0,0,0,0,0,0,0,0,0,0,0,0,0,0,0,0,0,0,0.0536341671870064,0.0491545342596311,0,0,0,0,0,0,0,0,0,0,0,0.0339175101636769,0,0,0,0,0,0,0,0,0,0,0,0,0,0.0339873703679948,0,0,0,0,0,0,0.0391615368238563,0,0,0,0,0,0,0,0,0,0,0,0,0,0,0,0,0,0,0,0,0,0,0,0,0,0,0,0.0344996286438347,0.0308433270804339,0,0,0,0,0,0,0,0,0,0
"OLQVL",0,0,0,0,0,0,0,0,0,0,0,0,0,0,0,0,0,0,0,0,0,0,0,0,0,0,0,0,0,0,0,0,0,0,0,0,0,0,0,0,0,0,0,0,0,0,0,0,0,0,0,0,0,0,0,0,0,0,0,0,0,0,0,0,0,0,0,0,0,0,0,0,0,0,0,0,0,0,0,0,0.012081646608208,0,0,0,0,0,0,0,0,0,0,0,0,0,0,0,0,0,0,0,0,0,0,0,0,0,0.0495004434757596,0.0524970020684217,0,0,0,0,0,0,0,0,0,0,0,0,0,0,0,0,0.0292426685857434,0.0215543382469893,0,0,0,0,0,0,0.0319336734375917,0,0,0,0,0,0,0,0,0,0,0,0,0,0,0,0,0,0,0,0.00716368429345194,0,0,0,0,0,0,0,0,0,0,0,0,0,0,0,0,0,0,0,0,0.02478977815111,0,0,0,0,0,0
"OLQVR",0,0,0,0,0,0,0,0,0,0,0,0,0,0,0,0,0,0,0,0,0,0,0,0,0,0,0,0,0,0,0,0,0,0,0,0,0,0,0,0,0,0,0,0,0,0,0,0,0,0,0,0,0,0,0,0,0,0,0,0,0,0,0,0,0,0,0,0,0,0,0,0,0,0,0,0,0,0,0,0,0,0.0121185598231597,0,0.0135146407878641,0,0,0,0,0,0,0,0,0,0,0,0,0,0,0,0,0,0,0,0,0,0,0,0.0473792912757977,0,0,0,0,0.017259371152453,0,0,0,0,0,0,0,0,0,0,0.0273714721899234,0,0.0188481906148342,0,0,0,0,0,0,0,0,0,0,0,0,0,0,0,0,0,0,0,0,0,0,0,0,0,0,0,0,0,0,0,0,0,0,0,0,0,0,0,0,0,0,0,0,0,0,0,0,0,0.0249277753281856,0,0.00682372028982358,0,0
"PLNL",0,0,0,0,0,0,0,0,0,0,0,0,0,0,0,0,0,0,0,0,0,0,0,0,0,0,0,0,0,0,0,0,0,0,0,0,0,0,0,0,0,0,0,0,0,0,0,0,0,0,0,0,0,0,0,0,0,0,0,0,0,0,0,0,0,0,0,0,0,0,0,0,0,0,0,0,0,0,0,0,0,0,0,0,0,0,0,0,0,0,0,0,0,0,0,0,0,0,0,0,0,0,0,0,0,0,0,0,0,0,0,0,0,0,0,0,0,0,0,0,0,0,0,0,0,0,0,0,0,0,0.966467010972867,0,0,0,1.03062408705728,0,0,0,0,0,0,0,1.01728130494444,0,0,0,0,0,0,0,0,0,0,0,0,0,0,0,0,0,0,0,0,0,0,0,0,0,0,0,0,0,0,0,0,0,0,0,0,0
"PLNR",0,0,0,0,0,0,0,0,0,0,0,0,0,0,0,0,0,0,0,0,0,0,0,0,0,0,0,0,0,0,0,0,0,0,0,0,0,0,0,0,0,0,0,0,0,0,0,0,0,0,0,0,0,0,0,0,0,0,0,0,0,0,0,0,0,0,0,0,0,0,0,0,0,0,0,0,0,0,0,0,0,0,0,0,0,0,0,0,0,0,0,0,0,0,0,0,0,0,0,0,0,0,0,0,0,0,0,0,0,0,0,0,0,0,0,0,0,0,0,0,0,0,0,0,0,0,0,0,0,0,0,0.972640600849411,0,0,0,1.03898274652515,1.04085114276749,0,0,0,0,0,0,1.01455999007671,0,0,1.03779906666046,0,0,0,0,0,0,0,0,0,0,0,0,0,0,0,0,0,0,0,0,0,0,0,0,0,0,0,0,0,0,0,0,0
"PVCL",0.982003048548126,0,0,0,0,0,0,0,0,0,0,0,0,0,0,0,0,0,0,0,0,0,0,0,0,0,0,0,0,0,0,0,0,0,0,0,0,0,0,0,0,0,0,0,0,1.02745849929514,1.02400236008868,1.0241283492517,0,0,0,0,0,0,0,0,0,0,0,0,0,0,0,0,0,0,0,0,0,1.01015289562958,0,0,0,0,0,0,0,0,0,0,0,0,0,0,0,0,0,0,0,0,0,0,0,0.0145692522033777,0,0,0,0,0,0,0,0,0,0,0,0,0,0,0,0,0,0,0,0,0,0,0.991372858519232,0,0,0,0,0,0,0,0,0,0,0,0,0,0,0,0,0,0,0,0,1.04678170981216,0,0,0,0,0,0,0,0,0,0,0,0,0,0,0,0,0,0,0,0,0,0,1.04539131159345,1.04443940783086,1.02592219170463,1.02763168368862,1.0236994048292,0,0,1.04287492381881,0,0,1.02363467560224,1.0441186995212,1.03203805211328,1.04037661119232,1.04867083544946,0,0,0,0,0
"PVCR",0,0,0,0,0,0,0,0,0,0,0,0,0,0,0,0,0,0,0,0,0,0,0,0,0,0,0,0.98991673950566,0,0,0,0,0,0,0,0,0,0,0,0,0,0,0,0,1.02578360449254,0,1.02233868275777,0,0,1.00705397690724,0,0,0,0,0,0,0,0,0,0,0,0,0,0,0,0,0,0,0,0,0,0,0,0,0,0,0,0,0,0,0,0,0,0,0,0,0,0,0,0,0,0,0,0,0,0,0,0,0,0,0,0,0,0,0,0,0,0,0,0,0,0,0,0,0,0,0,0,0,0,0,0,0,0,0,0,0,0,0,0,0,0,0,0,0,0,0,0,0,0,0,0,0,0,0,0,0,0,0,0,0,0,0,0,0,0,0,0,0,0,1.04372237519206,1.04241991505905,1.02422865659683,1.02560364783647,1.021647078862,0,0,1.04091441060665,0,1.03892432278911,1.02198215747424,1.04239936844286,1.03024752086612,0,0,1.03738045086267,0,0,0,0
"PVNL",0,0,0,0,0,0,0,0,0,0,0,0,0,0,0,0,0,0,0,0,0,0,0,0,0,0,0,0,0,0,0,0,0,0,0,0,0,0,0,0,0,0,0,0,0,0,1.04835263511285,1.04841639929251,0,0,0,0,0,0,0,0,0,0,0,0,0.874384398131453,0.875516629028523,0,0,0,0,0,0,0,0,0,0,0,0,0,0,0,0,0,0,0,0,0,0,0,0,0,0,0,0,0,0,0,0,0,0.0126080714939627,0,0,0,0,0,0,0,0,0,0,0,0,0.999771561967798,0,0,0,0,0,0,0,0,0,0,0,0,0,0,0,0,0,0,0,0,0,0,0,0,0,0,0,0,0,0,0,0,0,0,0,0,0,0,0,0,0,0,0,0,0,0,0,0,0,0,0,0,0,0,0,0,0,0,0,0,0,0,0,0,0,0,0,0,0,0,0
"PVNR",0,0,0,0,0,0,0,0,0,0,0,0,0,0,0,0,0,0,0,0,0,0,0,0,0.700096737047817,0,0,0,0,0,0,0,0,0,0,0,0,0,0,0,0,0,0,0,0,0,1.05657956758323,0,0,0,0,0.738759095128552,0,0,0,0,0,0,0,0,0.882360921009209,0.883726951986629,0,0,0,1.09159576030865,0,0,0,0,0,0,0,0,0,0,0,0,0,0,0,0,0,0,0,0,0,0,0,0,0,0,0,0,0.0126080714939627,0,0,0,0,0,0,0,0,0,0,0,0,0,0,0.997400103356417,0,0,0,0,0,0,0,0,0,0,0,0,0,0,0,0,0,0,0,0,1.00927789357238,0,0,0,0,0,0,0,0,0,0,0,0,0,0,0,0,0,0,0,0,0,0,0,0,0,0,0,0,0,0,0,0,0,0,0,0,1.07525189382771,0,0,0,0,0,0,0,0,0,0,0,0
"PVPL",0.916529153871116,0,0,0,0,0,0,0,0,0,0,0,0,0,0,0,0,0,0,0,0,0,0,0,0,0,0,0.92627707105114,0,0,0,0,0.968171898773865,0,0,0,0,0,0,0,0,0,0,0,0,0.962017509063391,0,0,0,0,0,0,0,0,0,0,0,0,0,0,0,0,0,0,0,0,0,0,0,0,0,0,0,0,0,0,0,0,0,0,0,0,0,0,0,0,0,0,0,0,0,0,0.0672184852766755,0,0,0,0,0,0,0,0,0,0,0,0,0,0,0,0.909721807878049,0,0.887231444038491,0,0,0,0,0.974282963715135,0,0,0,0,0,0,0,0,0,0,0,0,0.968487444789474,0,0,0,0,0,0,0,0,0,0,0,0,0,0,0,0,0,0,0,0,0,0,0,0,0,0,0,0,0,0,0,0.980033480516658,0.978914642427712,0.960522861891791,0.96210592345402,0.958172894100774,0,0,0.977345782136177,0,0,0,0,0,0,0,0,0,0,0,0
"PVPR",0,0.9285589801319,0,0,0,0,0,0,0,0,0,0,0.97992479261405,0,0,0,0,0,0,0,0,0,0,0,0,0,0,0.933760988962488,0,0,0,0,0,0,0,0,0,0,0,0,0,0,0,0,0.969748321143857,0,0.966258463967013,0,0,0,0,0,0,0,0,0,0,0,0,0,0,0,0,0,0,0,0,0,0,0,0,0,0,0,0,0,0,0,0,0,0,0,0,0,0,0,0,0,0,0,0,0,0.0601156673662583,0.0573379558857501,0,0,0,0,0,0,0,0,0,0.985483719921577,0,0,0,0,0,0.906691787538115,0,0,0,0,0,0.98185024417292,0,0,0,0,0,0,0,0,0,0,0,0,0,0,0,0,0,0,0,0,0,0,0,0,0,0,0,0,0,0,0,0,0,0,0,0,0,0,0,0,0,0,0,0,0,0.986388482857572,0.968120139902867,0.969575885621195,0,0,0,0,0,0,0,0.986287128604633,0,0,0,0,0,0,0,0
"PVQL",0,0,0,0,0,0,1.01729040981173,0,0,0,1.00645876515641,0,0,0,0,0,0,0,0,0,0,0,1.02872139318158,0,0,0,0,0,0,0,0,0,0,0,0,0,1.01019791950811,0,1.02361188852079,0,0,0,0,0,0,0,0,0,0,0,0,0,1.01947562439614,0,0,0,0,0,0,0,0,0,0,0,0,0,0,0,0,0,0,0.45272038179065,0,0,0,0,0,0,0,0,0,0,0,0,0,0,0,0,0,0,0,0,0,0,0,0,0,0,0,0,0,0,0,0,0,0,0,0,0,0,0,0,0,0,0,0,0,0,0,0,0,0,0,0,0,0,0,0,0,0,0,0,0,0,0,0,0,0,0,0,0,0,0,0,0,0,0,0,0,0,0,0,0,0,0,0,0,0,0,0,0,0,0,0,0,0,0,0,0,0,0,0,0,0,0,0,0,0,0,0
"PVQR",0,0,0,0,0,0,0,1.01846874573924,0,0,0,1.00632050495407,0,0,0,1.00162402914631,0,0,0,0,0,0,1.02937644384803,0,0,0,0,0,0,1.01538748402107,0,0,0,0,0,0,0,0,0,1.02474832961924,0,0,0.967602811832627,0.965896977951389,0,0,0,0,0,0,0,0,0,0,0,0,0,0,0,0,0,0,0,0,0,0,0,0,0,0,0,0.453996236297897,0,0,0,0,0,0,0,0,0,0,0,0,0,0,0,0,0,0,0,0,0,0,0,0,0,0,0,0,0,0,0,0,0,0,0,0,0,0,0,0,0,0,0,0,0,0,0,0,0,0,0,0,0,0,0,0,0,0,0,0,0,0,0,0,0,0,0,0,0,0,0,0,0,0,0,0,0,0,0,0,0,0,0,0,0,0,0,0,0,0,0,0,0,0,0,0,0,0,0,0,0,0,0,0,0,0,0,0
"PVR",0,0,0,0,0,0,0,0,0,0,0,0,0,0,0,0,0,0,0,0,0,0,0,0,0,0,0,0,0,0,0,0,0,0,0,0,0,0,0,0,0,0,0,0,0,0,1.03749590761053,1.03730399505103,0,0,0,0,0,0,0,0,0,0,0,0,0,0,0,0,0,0,0,0,0,0,0,0,0,1.08221004899894,0,0,1.08938837261622,1.08834054652779,0,0,0,0,0,0,0,0,0,0,0,0,0,0,0,0,0,0,0,0,0,0,0,0,0,0,0,0,0,0,0,0,0,0,0,0,0,0,0,0,0,0,0,0,0,0,0,0,0,0,0,0,0,0,0,0,0,0,0,0,0,0,0,0,0,0,0,0,0,0,0,0,0,0,0,0,0,0,0,0,0,0,0,0,1.03939843011813,1.04081952869876,0,1.08025237585331,1.07955588106743,0,0,0,0,0,0,0,0,0,0,0,0,0
"PVT",0,0,0,0,0,0,0,0,0,0,0,0,0.971501066372493,0.970814754538923,0,0,0,0,0,0,0,0,0,0,0,0,0,0,0,0,0,0,0,0,0,0,0,0,0,0,0,0,0,0,0,0,0,0,0.925594953645737,0.942392016406298,0.949377712166551,0,0,0,0,0,0,0,0,0,0,0,0,0,0,0,0,0.0636491918460576,0,0,0,0,0,0,0,0,0,0,0,0,0,0,1.01480572856278,1.01042257340737,0,0,0,0,0,0,0,0,0,0,0,0,0,0,0,0,0,0,0,0,0,0,0,0,0,0,0.886388143011121,0.882011413080964,0,0,0,0,0,0,0,0,0,0,0,0,0,0,0,0,0.967638394757155,0.968505449366768,0,0,0,0,0,0,0,0,0,0,0,0,0,0,0,0,0,0,0,0,1.00298813185627,1.00093584429148,0,0,0,0,0,0,1.00430718783309,0,0,0,0,0,0,0,0,0,0,0,0,0,0,0,0,0,0,0,0,0
"RIAL",0,0,0,0,0,0,0,0,0,0,0,0,0,0,0,0,0,0,0,0,0,0,0,0,0,0,0,0,0,0,0,0,0,0,0,0,0,0,0,0,0,0,0,0,0,0,0,0,0,0,0,0,0,0,0,0,0,0,0,0,0,0,0.00644618982665342,0,0.0214360267988701,0,0,0,0,0,0,0,0,0,0.0301123930246647,0,0,0,0,0,0,0,0,0,0,0,0,0,0,0,0,0,0,0,0,0,0,0,0,0,0,0,0,0.0188389242473363,0,0,0,0,0,0,0,0,0,0,0,0,0,0.0187348995026661,0.0266298339655216,0.015741701447211,0.0202090721621813,0.0102116139073973,0.0228539444591902,0.00902641265346455,0.0241918992930743,0,0,0,0,0,0,0,0,0,0,0,0,0,0,0,0.0215395548751303,0,0.0250195212846389,0,0.0157632739451153,0.0192317193434766,0.00259372168659245,0.0216400908147066,0,0,0,0,0,0,0,0,0,0,0,0,0,0,0,0,0,0,0,0,0.0186193377089184,0,0,0,0,0,0,0,0.0206921771242328,0,0,0.0358885168677775
"RIAR",0,0,0,0,0,0,0,0,0,0,0,0,0,0,0,0,0,0,0,0,0,0,0,0,0,0,0,0,0,0,0,0,0,0,0,0,0,0,0,0,0,0,0,0,0,0,0,0,0,0,0,0,0,0,0,0,0,0,0,0,0,0,0.0173650297495606,0,0.0272368280665168,0.020068694448693,0,0,0,0,0,0,0,0,0,0.0301664709492385,0,0,0,0,0,0,0,0,0,0,0,0,0,0,0,0,0,0,0,0,0,0,0,0,0,0,0.0188389242473363,0,0,0,0,0,0,0,0,0,0,0,0,0,0,0.0248510242102187,0.0185522671816176,0.0214583748401702,0.016784196075196,0.023830268706849,0.0105088722374537,0.0254967361422251,0.00814413211402081,0,0,0,0,0.0214074351405505,0,0,0,0,0,0,0,0,0,0,0,0,0,0,0.0197264652992655,0.015115290284696,0.0211696999251731,0.00295960967918491,0,0,0,0,0,0,0,0,0,0,0,0,0,0,0,0,0,0,0,0,0.0214755812730558,0,0,0,0,0,0,0,0.0184355998385257,0,0.0320981035630417,0
"RIBL",0,0,0,0,0,0,0,0,0,0,0,0,0,0.0201990030017728,0,0,0,0,0,0,0.0103127576482966,0,0,0,0,0,0,0,0,0,0,0,0,0,0,0,0,0,0,0,0.00492234089064848,0,0,0,0,0,0,0,0,0,0,0,0,0,0,0,0,0,0,0.0384525150652561,0,0,0.0237050898163902,0,0.0328280814671296,0,1.01902215279872,0,0,0,0,0,0,0,0,0,0,0,0,0,0,0,0,0,0.04525755927881,0,0,0,0,0,0,0,0,0,0,0,0,0,0,0,0,0,0.0184711702200179,0,0,0,0,0,0,0,0.0777810116257898,0,0,0,0,0,0.0411135931891373,0,0,0,0,0,0.0244511482108331,0,0,0,0,0,0,0,0,0,0,0,0,0,0,0,0,0,0,0,0,0,0,0.0175039635801616,0,0.0284710837750888,0,0,0,0,0,0,0,0,0.0419998362952539,0,0.0422907076358832,0,0.018130437050889,0.027068678466195,0,0,0,0,0,0.0225996671193682,0,0,0,0.0159039285756893,0,0,0,0,0,0,0,0
"RIBR",0,0,0,0,0,0,0,0,0,0,0,0,0.0203249029345007,0,0,0,0,0,0,0,0,0,0,0,0,0,0,0,0,0,0,0,0,0,0,0,0,0,0,0,0,0.00526401822666155,0,0,0,0,0,0,0,0,0,0,0,0,0,0.0115124366345976,0,0,0.0399956366663134,0,0,0,0,0,0,0,0,0,0,0,0,0,0,0,0,0,0,0,0,0,0,0,0,0,0,0,0,0,0,0,0,0,0,0,0,0,0,0,0,0,0,0,0,0.0174502612467013,0,0,0,0,0,0,0,0.0827572370584403,0.0235152944411983,0,0,0,0.0416432361986164,0,0,0,0,0.0266418976308933,0,0,0,0,0,0,0.0153593427517464,0.0133407280243152,0,0,0,0,0,0,0,0,0,0,0,0,0,0,0.0205654559805393,0.0127982232348381,0.028086373684026,0,0,0,0,0,0,0,0,0,0,0.0399514845429741,0,0.0411279502218762,0,0.0161418576973617,0,0,0,0,0,0.0140360889067031,0,0,0,0.0240482193012809,0,0,0,0,0,0,0,0
"RICL",0.0339274668065014,0.0407796708075467,0,0,0,0,0,0,0,0,0,0,0,0.0302440093112463,0,0,0,0,0,0,0,0,0,0,0,0,0,0,0,0,0,0,0,0,0,0,0,0,0,0,0,0,0,0,0,0,0,0,0,0,0,0,0,0,0,0,0,0,0,0,0,0,0.0366243123122298,0,0.045579067542534,0,0,0,0,0,0,0,0,0,0,0,0,0,0,0,0,0,0,0,0,0,0,0,0,0,0,0,0,0,0,0,0,0,0,0,0,0,0,0,0,0,0,0.0234181236238624,0,0,0,0,0,0.0117094147650779,0.021958460659419,0,0,0.020071639078872,0.0285979199555011,0,0,0,0,0,0,0,0,0,0,0,0,0,0,0.0238846151286503,0.0268083883866715,0,0,0,0,0,0,0.0210580110479806,0,0,0.0295183195898115,0.02858976817904,0,0.0399186632318612,0,0,0,0,0.0539196055955357,0,0,0.038523522243113,0,0,0,0,0.0310906792265081,0.0382824710876678,0,0,0,0,0,0,0,0,0,0,0,0,0,0,0,0,0,0
"RICR",0.0440185268434639,0.0309881625269533,0,0,0,0,0,0,0,0,0,0,0,0,0,0,0,0,0,0,0,0,0,0,0,0,0,0,0,0,0,0,0,0,0,0,0,0,0,0,0,0,0,0,0,0,0,0,0,0,0,0,0,0,0,0,0,0,0,0,0,0,0,0,0.0477588882884315,0.0424947053089779,0,0,0,0,0,0,0,0,0,0,0,0,0,0,0,0,0,0,0,0,0,0,0,0,0,0,0,0,0,0,0,0,0,0,0,0,0,0,0,0,0.0234181236238624,0,0,0,0,0,0,0,0.0120054402707169,0,0.0305660097422366,0.0266016589590762,0.018452069391907,0,0,0,0,0,0,0,0,0,0,0,0,0,0.0235906363922346,0.0226837591096306,0,0.0304936817738528,0,0,0,0,0,0.0168066989411031,0,0,0.0311785564957111,0,0.0384974523710661,0.0304006135191997,0,0,0,0,0.0579811468584024,0,0,0,0,0,0,0,0.0384474820625893,0.028240582950616,0,0,0,0,0,0,0,0,0,0,0,0,0,0,0,0,0,0
"RIFL",0.0177606193695666,0,0,0,0,0,0,0,0,0,0,0,0,0,0,0,0,0,0,0,0,0,0,0.344598268460786,0,0,0,0,0,0,0,0,0.0616176976181813,0,0,0,0,0,0,0,0,0,0,0,0.0587051363842264,0.0601139125561837,0.0542271434749529,0.0563440993402925,0,0,0,0,0,0,0,0,0,0,0,0,0.128648990821744,0,0,0,0,0,0,0,0,0,0,0,0,0,0,0,0,0,0,0,0,0,0,0,0,0,0,0,0,0,0,0,0,0,0,0,0.909721807878049,0,0,0,0,0,0,0,0,0,0,0,0,0,0,0,0,0.0521530190506144,0,0,0,0,0,0,0,0,0,0,0,0,0,0,0,0,0,0,0,0,0,0,0,0,0,0,0,0,0,0,0,0,0,0,0,0,0,0,0,0,0.0759113603003941,0,0,0,0,0,0,0,0.0546082032563847,0.05795546841784,0,0,0,0,0,0,0,0.0714932051540783,0,0,0,0,0,0,0,0
"RIFR",0,0.0282937615004395,0,0,0,0,0,0,0,0,0,0,0,0,0,0,0,0,0,0,0,0,0,0,0,0,0,0,0,0,0,0,0,0,0,0,0,0,0,0,0,0,0,0.015956152871326,0.0697357385873852,0.0687812100238412,0,0,0,0,0,0,0,0,0,0,0,0,0,0,0,0.118040165231215,0,0,0,0,0,0,0,0,0.512161535536595,0.497179987121506,0,0,0,0,0,0,0,0,0,0,0,0,0,0,0,0,0,0,0,0,0,0,0,0,0,0.906691787538115,0,0,0,0,0,0,0,0,0,0,0,0,0,0,0,0,0.0638725767917314,0,0,0,0,0,0,0,0,0,0,0,0,0,0,0,0,0,0,0,0,0,0,0,0,0,0,0,0,0,0,0,0,0,0,0,0,0,0,0,0,0,0,0,0,0,0,0,0,0.0668612573846955,0,0,0,0,0,0,0,0,0,0,0,0,0,0,0,0
"RIGL",0,0,0,0,0,0,0,0,0,0,0,0,0,0.0868155284051513,0,0,0,0,0,0,0.0683253140714973,0.0710250144590358,0,0,0,0,0,0,0,0,0,0,0,0,0,0,0,0,0,0,0,0,0,0,0,0,0,0,0,0.0566597987512421,0,0,0,0,0,0,0,0,0,0.110637495441899,0,0,0,0,0,0,0,0.946610545897878,0,0,0,0,0,0,0,0,0,0,0,0,0,0,0,0,0,0,0,0,0.113786440038867,0,0.942755702921295,0,0,0,0,0,0,0,0,0,0,0.886388143011121,0.0952831268612294,0,0.0777810116257898,0,0,0,0,0,0,0,0,0,0,0.0881327146866978,0,0,0.0788695362831279,0,0,0,0,0,0,0,0,0,0.0816982609352473,0,0,0,0,0.0844123048156895,0.0887356698950245,0,0,0,0,0,0,0,0,0,0,0,0,0,0,0,0,0,0,0,0,0,0.119419688485806,0,0.119717977493592,0,0,0,0,0,0,0,0,0.0924635400441709,0,0,0,0.0935930307964855,0,0,0,0,0,0,0,0
"RIGR",0,0,0,0,0,0.0944891931672116,0,0,0,0,0,0,0.0913166531738598,0,0,0,0,0,0,0,0.072900643746086,0.0748722340734952,0,0,0,0,0.96202596352413,0,0,0,0,0,0,0,0,0,0,0,0,0,0,0,0,0,0,0,0,0,0.0440994121718901,0.0607997078336422,0,0,0,0,0,0,0,0,0.116135062738458,0,0,0,0,0,0,0,0,0.942253643564899,0,0,0,0,0,0,0,0,0,0,0,0,0,0,0,0,0,0,0,0,0,0.117266356618304,0,0,0,0,0,0,0,0,0,0,0,0,0,0,0,0.0827572370584403,0,0,0,0,0,0,0,0,0,0.0925095427066683,0,0,0,0,0,0,0,0,0,0,0,0,0,0.0870454204913482,0,0.0357812808351396,0.0865030050643112,0,0,0.0976406772403445,0,0,0,0,0,0,0,0,0,0,0,0,0,0,0,0,0,0,0,0,0,0.122358881169991,0,0.123246768419222,0,0,0,0,0,0,0,0.0965541944971838,0,0,0,0.0980785876602119,0,0,0,0,0,0,0,0
"RIH",0,0,0,0,0,0,0,0,0,0,0,0,0,0,0,0,0,0,0,0.0178959224144077,0.0338233975103127,0.0320913528376902,0,0,0,0,0,0,0,0,0,0,0,0,0,0,0,0,0,0,0.0234305488775471,0,0,0,0,0,0,0,0,0,0,0,0,0,0,0,0,0,0.0195467442141908,0,0,0,0.0215847888967845,0.022453598150895,0.0131841635145399,0.011346465325846,0,0,0,0,0,0,0,0,0,0,0,0.0252493181993346,0,0,0.0306163810703315,0.0292700028092436,0,0,0,0,0.0256171897625037,0.0248471947769009,0.0186451064814102,0.017259371152453,0,0,0,0,0,0,0,0,0,0,0,0,0.0184730439805206,0.0187483343947702,0.0238836071935988,0.0235152944411983,0,0,0,0,0,0.10226303973432,0,0,0,0,0,0,0,0,0,0,0,0,0,0,0,0.00392387473917684,0,0,0,0,0,0,0,0,0,0,0,0,0,0,0,0,0,0,0,0,0,0,0,0,0,0,0,0,0,0,0,0.022598281832849,0,0,0,0,0,0.0229397527333829,0.0218575313911618,0,0,0,0,0.0129165114473201,0,0,0,0,0,0,0,0
"RIML",0.0450086208452406,0,0,0,0,0,0,0,0,0,0,0,0,0.0199075066812905,0,0,0,0,0,0,0.0102512397497205,0,0,0,0,0,0,0,0,0,0,0,0,0,0,0,0,0,0,0,0,0,0,0,0,0,0,0.0234627832295105,0.0350653662487111,0.0217691138535483,0,0,0,0,0,0,0,0,0,0,0,0,0,0,0,0,0,0,0,0,0,0,0,0,0,0,0,0,0,0,0,0,0,0,0,0,0,0,0,0,0,0,0,0,0,0,0,0,0,0,0,0,0,0,0.0061925057403082,0.0168805044147642,0,0,0,0,0,0,0,0,0,0,0.0369006026003049,0,0,0,0,0.0200284714044002,0.0242898071874423,0,0,0,0,0,0.0094272166242879,0,0,0,0,0,0.0152195477973641,0.020375055224235,0.0259007862830094,0.0300671192007357,0,0,0,0,0,0,0.0181821134957374,0.0170965410998285,0.024699416815294,0.0302187973176982,0,0,0,0,0,0,0,0,0,0,0,0,0,0,0.00908976388152492,0.0214530296155928,0,0,0,0,0.0119083752860382,0,0,0.0196041009242167,0,0,0,0.0209125670015364,0,0,0,0
"RIMR",0,0,0,0,0,0,0,0,0,0,0,0,0.0194945829915806,0,0,0,0,0,0,0,0,0,0,0,0,0,0,0,0,0,0,0,0,0,0,0,0,0,0,0,0,0,0,0,0,0,0,0,0.0380301186715461,0,0,0,0,0,0,0,0,0,0,0,0,0,0,0,0,0,0,0,0,0,0,0,0,0,0,0,0,0,0,0,0,0,0,0,0,0,0,0,0,0,0,0,0,0,0,0,0,0,0,0,0,0,0,0,0.0169973357861791,0.00700960730221387,0,0,0,0,0,0.0800970420729013,0,0.0132968439188826,0,0,0.0379500054450754,0,0,0,0,0.0262688877435123,0.0165182073548781,0,0,0,0,0,0.0113909245159524,0.0100381768529574,0,0,0,0,0.0159451152027235,0.0188768108195942,0.0306624983820831,0.0246046633743611,0,0,0,0,0,0,0.0196050864533608,0.0129193748034686,0.0301647035949096,0.0240680861535302,0,0,0,0,0,0,0,0,0,0,0,0,0.0287799311383493,0.0204186388216288,0.0198151436524884,0.0119556884506132,0,0,0,0,0,0,0,0,0,0,0,0,0,0,0,0
"RIR",0,0,0,0,0.0137102236032094,0.0174163907399395,0,0,0,0,0,0,0,0,0,0,0,0,0.0265891496020933,0,0.0234476344172632,0.0241549665651937,0,0,0,0,0,0.051538835668176,0,0,0,0,0,0,0,0,0,0,0,0,0,0.0185380715627496,0,0,0.0200350063755605,0,0,0,0,0,0,0,0,0,0,0,0,0,0,0,0,0,0,0,0,0,1.03042716103205,0,0,0,0,0,0,0,0,0,0,0,0,0,0,0,0,0,0,0,0,0,0,0,0,0,0,0,0,0,0.974282963715135,0.98185024417292,0,0,0,0,0.0152322779967,0.017725540817296,0,0,0,0,0,0,0.0881327146866978,0.0925095427066683,0,0,0,0,0,0,0,0,0,0,0,0,0,0,0,0,0,0,0,0,0,0,0,0,0,0,0,0,0,0,0.0138141431432156,0,0,0,0,0,0,0,0,0,0,0,0.0183923336079703,0.0196523074444358,0,0,0,0,0,0,0,0,0,0,0,0.0119080108770052,0,0,0,0.00960968481207891,0,0,0,0,0,0,0,0
"RIS",0,0,0,0,0,0,0,0,0,0,0,0,0.0495459707344162,0,0,0,0,0,0,0,0,0,0,0,0,0,0,0,0,0,0,0,0,0,0,0,0,0,0,0,0,0,0,0,0,0,0,0,0.00563384474765014,0.0185551406392036,0,0,0,0,0,0,0,0,0,0,0,0,0.0632440373609936,0,0.0712214898524096,0.0694006107991628,0,0,0,0,0,0,0,0,0,0,0,0,0,0,0,0,0,0,0,0,0,0.0774557521820927,0,0,0,0,0,0,0,0,0,0,0,0,0,0,0,0,0.0411135931891373,0.0416432361986164,0.0292512848008425,0,0,0,0,0,0,0.0369006026003049,0.0379500054450754,0,0,0,0,0,0,0.0568479508549451,0.0543161957243763,0,0,0,0,0.0631171105403975,0.0434114742221527,0,0,0,0,0,0,0,0,0,0,0,0,0,0,0,0.0540305175991425,0.0500622991334922,0.0600309225264364,0,0,0,0,0,0,0,0,0,0.0824296769648605,0.0809734779929901,0.0820086190806529,0,0,0,0,0,0,0,0,0.054892922802745,0,0,0,0.0564102364588534,0,0,0,0,0,0,0,0
"RIVL",0,0,0,0,0,0,0,0,0,0,0,0,0,0,0,0,0,0,0,0,0,0,0,0,0,0,0,0,0,0,0,0,0,0,0,0,0,0,0,0,0,0,0,0,0,0,0,0,0,0,0,0,0,0,0,0,0,0,0,0,0,0,0,0,0,0,0,0,0,0,0,0,0,0,0,0,0,0,0,0,0,0,0,0,0,0,0,0,0,0,0,0,0,0,0,0,0,0,0,0,0,0,0.0187348995026661,0.0248510242102187,0,0,0,0,0,0,0,0,0,0,0,0,0,0,0,0,0.0232834089770753,0.0233617146905198,0,0.0261344972046647,0,0,0,0,0,0,0,0,0,0,0,0.0278703929488804,0,0,0,0,0,0,0,0,0,0.0245281227783793,0.0189643900261121,0,0,0,0,0,0,0,0,0,0,0,0,0,0,0,0,0,0,0,0,0,0,0,0,0,0,0,0,0,0,0,0,0.0271873246689749
"RIVR",0,0,0,0,0,0,0,0,0,0,0,0,0,0,0,0,0,0,0,0,0,0,0,0,0,0,0,0,0,0,0,0,0,0,0,0,0,0,0,0,0,0,0,0,0,0,0,0,0,0,0,0,0,0,0,0,0,0,0,0,0,0,0,0,0,0,0,0,0,0,0,0,0,0,0,0,0,0,0,0,0,0,0,0,0,0,0,0,0,0,0,0,0,0,0,0,0,0,0,0,0,0,0.0266298339655216,0.0185522671816176,0,0,0,0,0,0,0,0,0,0,0,0,0,0,0,0.0257567951061584,0,0,0.0220480542827763,0,0.0245790978590041,0,0,0,0,0,0.0564472004468003,0,0,0,0.0266524789023578,0,0,0,0,0,0,0,0,0,0.0290670675577405,0,0,0.0196666076645478,0,0,0,0,0,0,0,0,0,0,0,0,0,0,0,0,0,0,0,0,0,0,0,0,0,0,0,0,0,0,0.0262083531904072,0
"RMDDL",0,0,0,0,0,0,0,0,0,0,0,0,0,0,0,0,0,0,0,0,0,0,0,0,0,0,0,0,0,0,0,0,0,0,0,0,0,0,0,0,0,0,0,0,0,0,0,0,0,0,0,0,0,0,0,0,0,0,0,0,0,0,0,0,0,0,0,0,0,0,0,0,0,0,0,0,0,0,0,0,0,0,0,0,0,0,0,0,0,0,0,0,0,0,0,0,0,0,0,0,0,0,0,0,0,0,0,0,0,0,0,0,0,0,0,0,0,0,0,0,0,0,0,0,0.0238805441942939,0,0,0.0164769671269662,0,0,0,0,0,0,0,0,0,0,0,0,0,0,0,0,0,0,0,0,0,0.0413568050486026,0,0,0,0,0,0,0,0.0367279449604198,0,0,0,0,0,0,0,0,0,0,0,0,0,0,0,0,0,0,0,0,0,0
"RMDDR",0,0,0,0,0,0,0,0,0,0,0,0,0,0,0,0,0,0,0,0,0,0,0,0,0,0,0,0,0,0,0,0,0,0,0,0,0,0,0,0,0,0,0,0,0,0,0,0,0,0,0,0,0,0,0,0,0,0,0,0,0,0,0,0,0,0,0,0,0,0,0,0,0,0,0,0,0,0,0,0,0,0,0,0,0,0,0,0,0,0,0,0,0,0,0,0,0,0,0,0,0,0,0,0,0,0,0,0,0,0,0,0,0,0,0,0,0,0,0,0.00901472972157929,0,0,0,0.0240235841235363,0,0.0324100625770763,0,0.0171404138888549,0,0,0,0,0,0,0,0,0,0,0,0,0,0.00617658472200657,0,0,0,0,0,0,0,0,0,0,0,0,0,0,0.0375586593294409,0,0,0,0,0,0,0,0,0,0,0,0,0,0,0,0,0,0,0,0,0,0,0
"RMDL",0,0,0,0.0548445982341812,0,0,0,0,0,0,0,0,0,0,0,0,0,0,0,0,0,0,0,0,0,0,0,0,0,0,0,0,0,0,0,0,0,0,0,0,0,0,0,0,0,0,0,0,0,0,0,0,0,0,0,0,0,0,0,0,0,0,0,0,0,0,0,0,0,0,0,0,0,0,0,0.035973307535979,0,0,0,0,0,0,0,0,0,0,0,0,0,0,0,0,0,0,0,0,0,0,0,0,0,0,0.0102116139073973,0.023830268706849,0,0,0,0,0,0,0,0,0,0.0200284714044002,0,0,0,0.0233617146905198,0,0,0.0177592871390577,0,0.0232869942074702,0.00768083839926508,0,0,0.0199070343840751,0,0.016761650670597,0,0,0,0.0141483084926476,0,0,0,0,0,0,0,0,0,0,0.0297952314111462,0,0,0.0110170097533882,0,0,0,0,0,0,0,0,0,0,0,0,0,0,0,0,0,0,0,0,0,0,0,0,0.00367336804751443,0,0,0,0.0222496814671722,0,0,0,0
"RMDR",0,0,0,0,0,0,0,0,0,0,0,0,0,0,0,0,0,0,0,0,0,0,0,0,0,0,0,0,0,0,0,0,0,0,0,0,0,0,0,0,0,0,0,0,0,0,0,0,0,0,0,0,0,0,0,0,0,0,0,0,0,0,0,0,0,0,0,0,0,0,0,0,0,0,0.0387351733177112,0,0,0,0,0,0,0,0,0,0,0,0,0,0,0,0,0,0,0,0,0,0,0,0,0,0,0,0.0228539444591902,0.0105088722374537,0,0,0,0,0,0,0,0,0,0,0,0,0,0,0,0.0178292830035836,0.0102057438254764,0.0232869942074702,0,0.0274002319575606,0.00793205674581001,0,0,0,0,0,0,0,0,0.0133832871230782,0,0,0,0,0,0,0,0,0,0,0,0.00833251682979098,0,0,0,0,0,0,0,0,0,0,0,0,0,0,0,0,0,0,0,0,0,0,0,0,0,0,0,0,0,0,0,0.0209099038567105,0,0
"RMDVL",0,0,0,0,0,0,0,0,0,0,0,0,0,0,0,0,0,0,0,0,0,0,0,0,0,0,0,0,0,0,0,0,0,0,0,0,0,0,0,0,0,0,0,0,0,0,0,0,0,0,0,0,0,0,0,0,0,0,0,0,0,0,0,0,0,0,0,0,0,0,0,0,0,0,0,0,0,0.0315735381008072,0,0,0,0,0,0,0,0,0,0,0,0,0,0,0,0,0,0,0,0,0,0,0,0,0,0,0,0,0,0,0,0,0,0,0,0,0,0,0,0,0,0,0.0240235841235363,0,0,0,0,0.0239681949495707,0,0,0,0,0,0,0,0,0,0,0,0,0,0,0,0,0,0.0369667344600605,0,0,0,0,0,0,0,0,0,0,0,0,0,0,0,0,0,0,0,0,0,0,0,0,0,0,0,0,0,0,0,0.027090228130384,0,0,0,0
"RMDVR",0,0,0,0,0,0,0,0,0,0,0,0,0,0,0,0,0,0,0,0,0,0,0,0,0,0,0,0,0,0,0,0,0,0,0,0,0,0,0,0,0,0,0,0,0,0,0,0,0,0,0,0,0,0,0,0,0,0,0,0,0,0,0,0,0,0,0,0,0,0,0,0,0,0,0,0,0,0,0,0,0,0,0,0,0,0,0,0,0,0,0,0,0,0,0,0,0,0,0,0,0,0,0,0,0,0,0,0,0,0,0,0,0,0,0,0,0,0,0,0.0238805441942939,0,0,0,0.028887881400284,0,0.0219394054906064,0,0,0,0,0,0,0,0,0,0,0,0,0,0,0,0,0.0306309427014784,0,0,0,0,0,0,0,0,0,0,0,0,0,0,0,0,0,0,0,0,0,0,0,0,0,0,0,0,0,0,0,0,0,0,0,0,0
"RMED",0,0,0,0,0,0,0,0,0,0,0,0,0,0,0,0,0,0,0,0,0,0,0,0,0,0,0,0,0,0,0,0,0,0,0,0,0,0,0,0,0,0,0,0,0,0,0,0,0,0,0,0,0,0,0,0,0,0,0,0,0,0,0,0,0,0,0,0,0,0,0,0,0,0,0,0,0,0,0,0,0,0,0,0,0,0,0,0,0,0,0,0,0,0,0,0,0,0,0,0,0,0,0,0,0,0,0,0,0,0,0,0,0,0,0,0,0,0,0,0,0,0,0,0.0239681949495707,0,0,0,0,0,0,0,0,0,0,0,0,0,0,0,0,0,0,0,0,0.0288330537859763,0.0299753254908308,0,0,0,0,0,0,0,0,0,0,0,0,0,0,0,0,0,0,0,0,0,0,0,0,0,0,0,0,0,0,0,0,0,0
"RMEL",0,0,0,0,0,0,0,0,0,0,0,0,0,0,0,0,0,0,0,0,0,0,0,0,0,0,0,0,0,0,0,0,0,0,0,0,0,0,0,0,0,0,0,0,0,0,0,0,0,0,0,0,0,0,0,0,0,0,0,0,0,0,0,0,0,0,0,0,0,0,0,0,0,0,0,0.0233712435233585,0,0,0,0,0,0,0,0,0,0,0,0,0,0,0,0,0,0,0,0,0,0,0,0,0,0,0,0,0,0,0,0,0,0,0,0,0,0,0,0,0,0,0,0,0,0,0,0,0,0,0,0,0,0,0,0,0,0,0,0,0,0,0,0,0,0,0,0,0,0,0,0,0,0,0,0,0,0,0,0,0,0,0,0,0,0,0,0,0,0,0,0,0,0,0,0,0,0,0,0,0,0,0,0
"RMEV",0,0,0,0,0,0,0,0,0,0,0,0,0,0,0,0,0,0,0,0,0,0,0,0,0,0,0,0,0,0,0,0,0,0,0,0,0,0,0,0,0,0,0,0,0,0,0,0,0,0,0,0,0,0,0,0,0,0,0,0,0,0,0,0,0,0,0,0,0,0,0,0,0,0,0,0,0,0,0,0,0,0,0,0,0,0,0,0,0,0,0,0,0,0,0,0,0,0,0,0,0,0,0,0,0,0,0,0,0,0,0,0,0,0,0,0,0,0,0,0,0.0171404138888549,0,0,0,0,0,0,0,0,0,0,0,0,0,0,0,0,0,0,0,0,0,0,0,0,0,0.0205974940261249,0.0222006878236633,0,0,0,0,0,0,0,0,0,0,0,0,0,0,0,0,0,0,0,0,0,0,0,0,0,0,0,0,0,0,0,0
"RMFL",0,0,0,0,0,0,0,0,0,0,0,0,0,0,0,0,0,0,0,0,0,0,0,0,0,0,0,0,0,0,0,0,0,0,0,0,0,0,0,0,0,0,0,0,0,0,0,0,0.0423813861430493,0.0264833227593329,0,0,0,0,0,0,0.0139904424407343,0,0.0321409152393312,0,0,0,0,0,0,0.0272380495154526,0,0,0,0,0,0,0,0,0,0,0,0,0,0,0,0,0,0,0,0,0,0,0,0,0,0,0,0,0,0,0,0,0,0,0,0.967638394757155,0,0,0,0,0,0,0,0,0,0,0,0.0094272166242879,0,0,0,0,0,0,0,0.016761650670597,0.0176750255812226,0.0242034108036708,0,0,0.0344217201766831,0,0,0,0,0,0.00383152405218863,0,0,0,0,0,0,0,0,0,0,0,0,0,0,0,0,0,0,0,0,0,0,0,0,0,0,0,0,0,0,0,0,0,0,0,0,0,0,0,0,0,0,0,0,0,0,0
"RMFR",0,0,0,0,0,0,0,0,0,0,0,0,0,0.0122360722800967,0,0,0,0,0,0,0,0,0,0,0,0,0,0,0,0,0,0,0,0,0,0,0,0,0,0,0,0,0,0,0,0,0,0,0.0435875150783241,0.026937081558525,0,0,0,0,0,0,0,0,0,0.0300734516759072,0,0,0.0262201812630796,0,0,0,0,1.02852183277485,0,0,0,0,0,0,0.0424270983708747,0,0,0,0,0,0,0,0,0,0,0,0,0,0,0,0,0,0,0,0,0,0,0,0,0,0,0,0,0,0,0,0,0,0,0,0.0827034127947005,0,0,0,0,0,0.0443843855743493,0,0.0244019340454041,0,0,0.0172531741871242,0.0149717816084543,0.0243858010123847,0,0,0,0,0,0,0.0598232891849508,0,0,0.00229054698025384,0,0,0,0,0,0,0,0,0,0,0,0,0,0,0,0,0,0,0,0,0,0,0,0,0,0,0,0,0,0,0,0,0,0,0,0,0,0.0160713142887802,0,0,0,0,0,0,0,0
"RMGL",0,0,0,0,0,0,0,0,0,0,0,0,0,0,0.0298673654536289,0,0,0,0,0,0,0,0,0.345940387478916,0,0,0,0,0,0,0,0,0,0,0,0,0,0,0,0,0,0,0,0,0,0,0,0.055699303901199,0,0,0,0,0,0,0,0,0,0,0,0,0,0,0,0,0,0,0,0,0,0,0,0,0,0,0,0,0,0,0,0,0.0987320187703501,0,0,0,0,0,0,0,0,0,0,0,0,0,0,0,0,0,0,0,0,0,0,0,0,0,0,0,0,0,0,0,0,0,0,0,0,0,0,0,0,0.0682388532850329,0.0702818962398035,0.0737465030553356,0.0767451053559362,0,0,0,0,0,0,0,0,0,0,0.0700785746780444,0.0720456127546119,0.0753325862711276,0,0,0,0,0.0515603296740212,0,0,0,0,0,0,0,0,0,0,0,0.0715675006577051,0,0,0,0,0,0.0695852800385748,0,0.0500777424907388,0,0,0,0,0,0,0,0,0.0680895816473141,0.0562317240066995,0.0639691489453852,0.0776151245454333,0.0667267820018928,0,0,0,0
"RMGR",0,0,0,0,0,0,0,0,0,0,0,0,0,0,0,0.0387772545987819,0,0,0,0,0,0,0,0,0,0,0,0,0,0,0,0,0,0.0560187571334928,0,0,0,0,0,0,0,0,0.0220526837050222,0.0186640872566809,0,0,0,0,0,0,0,0,0,0,0,0,0,0,0,0,0,0,0,0,0,0,0,0,0,0,0,0,0,0,0,0,0,0,0,0,0,0,0,0,0,0,0,0,0,0,0,0,0,0,0,0,0,0,0,0,0,0,0,0,0,0,0,0,0,0,0,0,0,0,0,0,0,0,0,0,0,0.0711849448454956,0.0637157179575319,0,0.0693679830798222,0,0,0,0,0,0,0,0.0583480683357695,0,0,0.0678957378943535,0,0,0,0,0,0,0,0.0439485151999615,0,0,0,0,0,0,0,0,0,0,0,0.0688314914386713,0,0,0,0,0,0,0,0.0493713534294243,0,0,0,0.0645473628582386,0.0613032927082632,0.0631416389240541,0,0,0,0.0660181402183568,0,0.0606551025554786,0,0,0,0
"RMHL",0,0,0,0,0,0,0,0,0,0,0,0,0,0,0,0,0,0,0,0,0,0,0,0,0,0,0,0,0,0,0,0,0,0,0,0,0,0,0,0,0,0,0,0,0,0,0,0,0.0426786802107475,0,0,0,0,0,0,0,0,0,0,0,0,0,0,0,0,0,0,0,0,0,0,0,0,0,0,0,0,0,0,0,0,0,0,0,0,0,0,0,0,0,0,0,0,0,0,0,0,0,0,0,0,0,0,0,0,0,0,0,0,0,0,0.0865030050643112,0,0,0,0,0,0,0,0,0,0.0141483084926476,0.0183474731208926,0,0,0,0,0,0.00383152405218863,0,0,0.0583480683357695,0,0,0,0,0,0,0,0,0,0,0,0,0,0,0,0,0,0,0,0,0,0,0,0,0,0,0,0,0,0,0,0,0,0,0,0,0,0,0,0,0,0,0,0,0,0,0,0
"RMHR",0,0,0,0,0,0,0,0,0,0,0,0,0,0,0,0,0,0,0,0,0,0,0,0,0,0,0,0,0,0,0,0,0,0,0,0,0,0,0,0,0,0,0,0,0,0,0,0,0,0.0286825632530572,0,0,0,0,0,0,0,0,0,0,0,0,0,0,0,0,0,0,0,0,0,0,0,0,0,0,0,0,0,0,0,0,0,0,0,0,0,0,0,0,0,0,0,0,0,0,0,0,0,0,0,0,0,0,0,0,0,0,0,0,0.0844123048156895,0,0,0,0,0,0,0,0,0,0,0.0158987759945538,0.0133832871230782,0,0,0,0,0,0,0.00229054698025384,0,0,0,0,0,0,0,0,0,0,0,0,0,0,0,0,0,0,0,0,0,0,0,0,0,0,0,0,0,0,0,0,0,0,0,0,0,0,0,0,0,0,0,0,0,0,0,0,0,0
"SAADL",0,0,0,0,0,0,0,0,0,0,0,0,0,0,0,0,0,0,0,0,0,0,0,0,0,0,0,0,0,0,0,0,0,0,0,0,0,0,0,0,0,0,0,0,0,0,0,0,0,0,0,0,0,0,0,0,0,0,0,0,0,0,0,0,0,0,0,0,0,0,0,0,0,0,0,0,0,0,0,0,0,0,0,0,0,0.0352416281558915,0,0,0,0,0,0,0,0,0,0,0,0,0,0,0,0,0,0,0,0,0,0,0,0,0,0,0,0.0152195477973641,0.0159451152027235,0,0,0,0,0,0,0,0,0,0,0,0,0,0,0.00654327830797567,0,0,0,0,0,0,0,0,0,0,0,0,0,0,0,0,0,0.0214155419157881,0,0,0,0,0,0,0,0,0,0,0,0,0.0155289393150337,0,0,0,0,0,0,0,0,0,0,0,0,0,0,0,0,0,0,0
"SAADR",0,0,0,0,0,0,0,0,0,0,0,0,0,0,0,0,0,0,0,0,0,0,0,0,0,0,0,0,0,0,0,0,0,0,0,0,0,0,0,0,0,0,0,0,0,0,0,0,0,0,0,0,0,0,0,0,0,0,0,0,0,0,0,0,0,0,0,0,0,0,0,0,0,0,0,0,0,0,0,0,0,0,0,0,0.0327477360560524,0,0,0,0,0,0,0,0,0,0,0,0,0,0,0,0,0,0,0,0,0,0,0,0,0,0,0,0,0.020375055224235,0.0188768108195942,0,0,0,0,0,0,0,0,0,0,0,0,0,0.0121235122959737,0,0.0700785746780444,0,0,0,0,0,0,0,0,0,0,0,0,0,0,0,0.0202578995780041,0,0,0,0,0,0,0,0,0,0,0,0,0,0.016677385335856,0.0149961292531815,0,0,0,0,0,0,0,0,0,0.0120977902488946,0,0,0,0,0,0,0,0
"SAAVL",0,0,0,0,0,0,0,0,0,0,0,0,0.0139503061262334,0,0,0,0,0,0,0,0,0,0,0,0,0,0,0,0,0,0,0,0,0,0,0,0,0,0,0,0,0,0,0,0,0,0,0,0,0,0,0,0,0,0,0,0,0,0,0,0,0,0,0,0,0,0,0,0,0,0,0,0,0,0,0,0,0,0,0,0,0,0,0,0,0,0,0,0,0,0,0,0,0,0,0,0,0,0,0,0,0,0,0,0,0,0,0,0,0,0,0,0,0.0259007862830094,0.0306624983820831,0,0,0,0,0,0,0,0,0,0,0,0,0,0,0.0234045396070666,0,0,0,0,0,0,0,0,0,0,0,0,0,0,0,0.0209088711174528,0,0,0,0,0,0,0,0,0,0,0,0,0,0,0.00515184838644103,0,0,0,0,0,0,0,0,0,0,0,0,0,0,0,0,0,0,0
"SAAVR",0,0,0,0,0,0,0,0,0,0,0,0,0,0,0,0,0,0,0,0,0,0,0,0,0,0,0,0,0,0,0,0,0,0,0,0,0,0,0,0,0,0,0,0,0,0,0,0,0,0,0,0,0,0,0,0,0,0,0,0,0,0,0,0,0,0,0,0,0,0,0,0,0,0,0,0,0,0,0,0,0,0,0,0,0,0,0,0,0,0,0,0,0,0,0,0,0,0,0,0,0,0,0,0,0,0,0,0,0,0,0,0,0,0.0300671192007357,0.0246046633743611,0,0,0,0,0,0,0,0,0,0,0,0,0,0,0,0,0,0,0,0,0,0,0,0,0,0,0,0,0,0.0197715622900828,0,0,0,0,0,0,0,0,0,0,0,0,0,0,0,0,0.00572027472843307,0,0,0,0,0,0,0,0,0,0,0,0,0,0,0,0,0,0
"SDQL",0,0,0,0,0,0,0,0,0,0,0,0,0.724470663567761,0.723567210574899,0,0,0,0,0,0,0,0,0,0,0,0,0,0,0,0,0,0,0,0,0,0,0,0,0,0,0,0,0,0,0,0,0,0,0,0,0,0,0,0,0,0,0,0,0,0,0,0,0,0,0,0,0,0,0.68793559876577,0,0,0,0,0,0.760394068596692,0,0,0,0,0,0,0,0,0,0,0,0,0,0,0,0,0,0,0,0,0,0,0,0,0,0,0,0,0,0,0,0,0,0,0,0,0,0,0,0,0,0.678038855466459,0,0,0,0,0,0,0,0,0,0,0,0,0,0,0,0,0,0,0,0,0,0,0,0,0,0.714126514804811,0,0.730731335246099,0,0,0,0,0,0,0,0,0,0,0,0,0,0,0,0.732121849382307,0.730652686093271,0,0,0,0,0,0,0,0,0,0,0,0,0,0,0,0,0,0
"SDQR",0,0,0,0,0,0,0,0,0,0,0,0,0.268296707141349,0,0,0,0,0,0,0,0,0,0,0,0,0,0,0,0,0,0,0,0,0,0,0,0,0,0,0,0,0,0,0,0,0,0,0,0,0,0,0,0,0,0,0,0,0,0,0,0,0,0,0,0,0,0.761547228992614,0,0,0,0,0,0,0,0,0,0,0,0,0,0,0,0,0,0,0,0,0,0,0,0,0,0,0,0,0,0,0,0,0,0,0,0,0,0,0,0,0.249314325855059,0,0,0,0,0,0,0,0,0,0,0,0,0,0,0,0,0,0,0,0,0,0,0,0,0,0,0,0,0,0,0.458048894415641,0,0,0,0,0,0,0.271190634320156,0,0,0,0,0,0,0,0,0,0,0,0,0,0,0,0.27575874981939,0.256127583794617,0.259122823749454,0,0,0,0,0,0,0,0,0.26343031944173,0,0,0,0,0,0,0
"SMBDL",0.0510094560856735,0,0,0,0,0,0,0,0,0,0,0,0,0,0,0,0,0,0,0,0,0,0,0,0,0,1.04502418873639,0,0,0,0,0,0,0,0,0,0,0,0,0,0,0,0,0,0,0,0,0,0,0,0,0,0,0,0,0,0,0,0,0,0,0,0,0,0,0,0,0,0,0,0,0,0,0,0,0,0,0,0,0,0,0,0,0,0,0,0,0,0,0,0,0,0,0,0,0,0,0,0,0,0,0,0,0,0,0,0,0,0,0,0,0,0,0,0,0,0,0,0,0.00681009461548627,0,0,0,0,0,0.0384049479742682,0,0,0,0,0,0,0,0,0,0,0.0235836584709625,0.0257401424927461,0,0,0,0,0,0,0,0,0,0,0,0,0,0,0,0,0,0,0,0,0,0,0,0,0,0,0,0,0,0,0,0,0,0,0,0,0,0,0,0,0,0
"SMBDR",0.0521368567187899,0,0,0,0,0,0,0,0,0,0,0,0,0,0,0,0,0,0,0,0,0,0,0,0,1.04116224587016,0,0,0,0,0,0,0,0,0,0,0,0,0,0,0,0,0,0,0,0,0,0,0,0,0,0,0,0,0,0,0,0,0,0,0,0,0,0,0,0,0,0,0,0,0,0,0,0,0,0,0,0,0,0,0,0,0,0,0,0,0,0,0,0,0,0,0,0,0,0,0,0,0,0,0,0,0,0,0,0,0,0,0,0,0,0,0,0,0,0,0,0,0,0,0.00617658472200657,0,0,0,0,0.0377923452329056,0,0,0,0,0,0,0,0,0,0,0.0259885409919569,0.0227219327722412,0,0,0,0,0,0,0,0,0,0,0,0,0,0,0,0,0,0,0,0,0,0,0.0237565740079194,0,0,0,0,0,0,0,0,0,0,0,0,0.0155080735274002,0,0,0.0100632187243322,0,0,0
"SMBVL",0,0,0,0,0,0,0,0,0,0,0,0,0,0,0,0,0,0,0,0,0,0,0,0,0,0,0,0,0,0,0,0,0,0,0,0,0,0,0,0,0,0,0,0,0,0,0,0,0,0,0,0,0,0,0,0,0,0,0,0,0,0,0,0,0,0,0,0,0,0,0,0,0,0,0,0,0,0,0,0,0,0,0,0,0,0,0,0,0,0,1.01728130494444,0,0,0,0,0,0,0,0,0,0,0,0,0,0,0,0,0,0,0,0,0,0,0,0,0,0,0,0,0,0,0,0,0,0.0306309427014784,0,0,0.0264672365712545,0,0,0,0,0,0,0.013984038124434,0,0,0,0,0,0,0,0,0,0,0,0,0,0,0,0,0,0,0,0,0,0,0,0,0,0,0,0,0,0,0,0,0,0,0,0,0,0,0,0,0,0,0,0,0
"SMBVR",0,0,0,0,0,0,0,0,0,0,0,0,0,0,0,0,0,0,0,0,0,0,0,0,0,0,0,0,0,0,0,0,0,0,0,0,0,0,0,0,0,0,0,0,0,0,0,0,0,0,0,0,0,0,0,0,0,0,0,0,0,0,0,0,0,0.0392600461814792,0,0,0,0,0,0,0,0,0,0,0,0,0,0,0,0,0,0,0,0,0,0,0,0,0,1.01455999007671,0,0,0,0,0,0,0,0,0,0,0,0,0,0,0,0,0,0,0,0,0,0,0,0,0,0,0,0,0,0,0,0.0369667344600605,0,0,0,0.0333240095384507,0,0,0,0,0,0,0,0.0250689779034766,0,0,0,0,0,0,0,0,0,0,0,0,0,0,0,0,0,0,0,0,0,0,0,0,0,0,0,0,0,0,0,0,0,0,0,0,0,0,0,0,0,0,0,0
"SMDDL",0,0,0,0,0,0,0,0,0,0,0,0,0,0,0,0,0,0,0,0,0,0,0,0,0,0,0,0,0,0,0,0,0,0,0,0,0,0,0,0,0,0,0,0,0,0,0,0,0,0,0,0,0,0,0,0,0,0,0,0,0,0,0,0.0236431695425048,0,0,0,0,0,0,0,0,0,0,0,0,0,0,0,0,0,0,0,0,0,0,0,0,0,0,0,0,0,0,0,0,0,0,0,0,0,0,0.0157632739451153,0.0197264652992655,0,0,0,0,0,0,0,0,0,0.0181821134957374,0,0,0,0,0,0,0,0,0.015341714961788,0,0,0,0,0,0,0,0,0,0,0,0,0,0,0,0,0,0,0,0,0,0,0,0,0.0218277357785628,0,0,0,0,0,0,0,0,0,0,0,0,0,0,0,0,0,0,0,0,0,0,0,0,0,0,0,0,0,0,0,0
"SMDDR",0,0,0,0,0,0,0,0,0,0,0,0,0,0,0,0,0,0,0,0,0,0,0,0,0,0,0,0,0,0,0,0,0,0,0,0,0,0,0,0,0,0,0,0,0,0,0,0,0,0,0,0,0,0,0,0,0,0,0,0,0,0,0,0,0,0,0,0,0,0,0,0,0,0,0,0,0,0,0,0,0,0,0,0,0,0,0,0,0,0,0,0,0,0,0,0,0,0,0,0,0,0,0.0192317193434766,0.015115290284696,0,0,0,0,0,0,0,0,0,0,0.0129193748034686,0,0.0500622991334922,0,0,0,0,0.017025037789055,0.00833251682979098,0,0,0,0,0,0,0,0,0,0,0,0,0,0,0,0,0,0,0,0,0,0,0,0.021662729135401,0,0,0,0,0,0,0,0,0,0,0,0,0,0,0,0,0,0,0,0,0,0,0,0,0,0,0,0,0,0,0,0,0
"SMDVL",0,0,0,0,0,0,0,0,0,0,0,0,0,0,0,0,0,0,0,0,0,0,0,0,0,0,0,0,0,0,0,0,0,0,0,0,0,0,0,0,0,0,0,0,0,0,0,0,0,0,0,0,0,0,0,0,0,0,0,0,0,0,0,0,0,0,0,0,0,0,0,0,0,0,0,0,0,0,0,0,0,0,0,0,0,0,0,0,0,0,0,0,0,0,0,0,0,0,0,0,0,0,0.00259372168659245,0.0211696999251731,0,0,0,0,0,0,0,0,0,0,0,0,0,0,0,0,0,0,0,0,0,0,0,0,0,0,0,0,0,0,0,0,0,0,0,0,0,0,0,0,0,0.021662729135401,0,0,0,0,0,0,0,0,0,0,0,0,0,0,0,0,0,0,0,0,0,0,0,0,0,0,0,0,0,0,0,0,0,0
"SMDVR",0,0,0,0,0,0,0,0,0,0,0,0,0,0,0,0,0,0,0,0,0,0,0,0,0,0,0,0,0,0,0,0,0,0,0,0,0,0,0,0,0,0,0,0,0,0,0,0,0,0,0,0,0,0,0,0,0,0,0,0,0,0,0,0,0.0285585379431988,0,0,0,0,0,0,0,0,0,0,0,0,0,0,0,0,0,0,0,0.0359036078934363,0,0,0,0,0,0,0,0,0,0,0,0,0,0,0,0,0,0.0216400908147066,0.00295960967918491,0,0,0,0,0,0,0,0,0,0,0.0240680861535302,0,0.0599214387435228,0,0,0,0,0,0,0,0,0,0,0,0,0,0,0,0,0,0,0,0,0,0,0,0,0,0,0,0.0218277357785628,0,0,0,0,0,0,0,0,0,0,0,0,0,0,0,0,0,0,0,0,0,0,0,0,0,0,0,0,0,0,0,0,0,0,0
"URADL",0,0,0,0,0,0,0,0,0,0,0,0,0,0,0,0,0,0,0,0,0,0,0,0,0,0,0,0,0,0,0,0,0,0,0,0,0,0,0,0,0,0,0,0,0,0,0,0,0,0,0,0,0,0,0,0,0,0,0,0,0,0,0,0,0,0,0,0,0,0,0,0,0.00450258870852369,0,0,0,0,0,0,0,0,0,0,0,0,0,0,0,0,0,0,0,0,0,0,0,0,0,0,0,0,0,0,0,0,0,0,0,0,0,0,0,0,0,0,0,0,0,0,0,0.0421285464289803,0,0,0,0,0.0176204783871991,0.0125851134157583,0,0,0,0,0,0,0,0,0,0,0,0,0,0,0,0,0,0,0,0,0,0,0,0,0,0,0,0,0,0,0,0,0,0,0,0,0,0,0.00970100578709496,0,0,0,0,0,0,0,0,0,0,0,0,0,0
"URADR",0,0,0,0,0,0,0,0,0,0,0,0,0,0,0,0,0,0,0,0,0,0,0,0,0,0,0,0,0,0,0,0,0,0,0,0,0,0,0,0,0,0,0,0,0,0,0,0,0,0,0,0,0,0,0,0,0,0,0,0,0,0,0,0,0,0,0,0,0,0,0,0,0,0.00477000970419611,0,0.0080976685736158,0,0,0,0,0,0,0,0,0,0,0,0,0,0,0,0,0,0,0,0,0,0,0,0,0,0,0,0,0,0,0,0,0,0,0,0,0,0,0,0,0,0,0,0.0413568050486026,0,0,0,0,0,0.0150716647948228,0,0,0,0,0,0,0,0,0,0,0,0,0,0,0,0,0,0,0,0,0,0,0,0,0,0,0,0,0,0,0,0,0,0,0,0,0,0,0,0,0.00867598834877762,0,0,0,0,0,0,0,0,0,0,0.0123648482508127,0,0
"URAVL",0,0,0,0,0,0,0,0,0,0,0,0,0,0,0,0,0,0,0,0,0,0,0,0,0,0,0,0,0,0,0,0,0,0,0,0,0,0,0,0,0,0,0,0,0,0,0,0,0,0,0,0,0,0,0,0,0,0,0,0,0,0,0,0,0,0,0,0,0,0,0,0,0,0,0,0,0.00689121967388575,0,0,0,0,0,0,0,0,0,0,0,0,0,0,0,0,0,0,0,0,0,0,0,0,0,0,0,0,0,0,0,0,0,0,0,0,0,0,0,0,0,0,0,0,0,0,0,0,0,0.011784484370349,0.0171657845318456,0,0,0,0,0,0,0,0,0,0,0,0,0,0,0,0,0,0,0,0,0,0,0,0,0,0,0,0,0,0,0,0,0,0,0,0,0,0.00877160097096021,0,0,0,0,0,0,0,0,0,0,0,0,0,0
"URAVR",0,0,0,0,0,0,0,0,0,0,0,0,0,0,0,0,0,0,0,0,0,0,0,0,0,0,0,0,0,0,0,0,0,0,0,0,0,0,0,0,0,0,0,0,0,0,0,0,0,0,0,0,0,0,0,0,0,0,0,0,0,0,0,0,0,0,0,0,0,0,0,0,0,0,0,0.00862985019876504,0,0.00851376289273726,0,0,0,0,0,0,0,0,0,0,0,0,0,0,0,0,0,0,0,0,0,0,0,0,0,0,0,0,0,0,0,0,0,0,0,0,0,0,0,0,0,0,0,0,0,0,0,0,0,0.0161571802681888,0,0,0,0,0,0,0,0,0,0,0,0,0,0,0,0,0,0,0,0,0,0,0,0,0,0,0,0,0,0,0,0,0,0,0,0,0,0,0.00786073318284465,0,0,0,0,0,0,0,0,0,0,0.0104643779863222,0,0
"URBL",0.0873775846564245,0,0.0783438423164594,0,0,0,0,0,0,0,0,0,0,0,0,0,0,0,0,0,0,0,0,0,0,0,0,0,0,0,0,0,0,0,0,0,0,0,0,0,0,0,0,0,0,0,0,0,0,0,0,0,0,0,0,0,0,0,0,0,0,0,0.0249170255783445,0,0.0132455309385374,0,0,0,0,0,0,0,0,0,0.00554506192199419,0,0,0,0,0,0,0,0,0,0.00630159732974505,0,0,0,0,0,0,0,0,0,0,0,0,0,0,0,0,0,0,0,0,0,0.0539196055955357,0.0579811468584024,0,0,0,0,0,0,0,0,0,0,0,0.0335948332499769,0.0370254098717607,0,0.0361046461745663,0,0,0,0,0,0,0,0.0927475367618495,0,0,0.0367019706289305,0,0,0,0,0,0,0,0,0.0444122389038554,0,0,0.0346721573107029,0,0,0,0,0,0,0,0,0.0266511879718804,0,0,0,0,0,0,0,0.0428622173866084,0,0,0,0,0,0,0,0.0450996352924902,0,0,0,0,0,0.0341588839332098,0,0,0
"URBR",0,0.0827107595262324,0,0,0,0,0,0,0,0,0,0,0,0,0,0,0,0,0,0,0,0,0,0,0,0,0,0,0,0,0,0,0,0,0,0,0,0,0,0,0,0,0,0,0,0,0,0,0,0,0,0,0,0,0,0,0,0,0,0,0,0,0,0.0250460439584528,0,0.0133324540888484,0,0,0,0,0,0,0,0,0,0.00539225392055586,0,0,0,0,0,0,0,0,0,0.00469385024027451,0,0,0,0,0,0,0,0,0,0,0,0,0,0,0,0,0,0,0,0,0.0584177733181703,0,0,0,0,0,0,0,0,0,0,0,0,0,0,0.0341242365928804,0,0,0,0,0,0,0,0,0,0,0,0,0,0,0,0,0,0.299410565641191,0.0416434123551148,0,0,0,0,0,0,0,0,0,0,0,0,0,0,0.0259024975418636,0,0,0,0,0,0,0,0.0409164723476377,0,0,0,0,0,0,0,0,0,0,0,0,0,0,0,0.0541274834411491
"URXL",0,0,0,0,0,0,0,0,0,0,0,0,0,0,0,0,0,0,0,0,0,0,0,0,0,0,0,0.0611128928097675,0,0,0,0,0,0,0,0,0,0,0,0,0.0245404365123922,0,0,0,0,0,0,0,0,0,0,0,0,0,0,0,0,0,0,0,0,0,0,0,0,0,0,0,0,0,0,0,0,0,0,0,0,0,0,0,0.0322753581082476,0,0,0,0,0,0,0,0,0,0,0,0,0,0,0,0,0,0,0,0,0,0.0067192784966561,0,0,0,0.0353370862694652,0.0369041527822835,0,0,0.0972120192060889,0,0,0,0,0.0183923336079703,0,0,0,0,0,0,0,0,0,0,0,0,0,0,0.0715675006577051,0,0,0,0,0,0,0,0,0,0,0.025683575597427,0,0,0,0,0,0,0,0,0,0,0,0,0,0,0,0,0,0,0,0,0,0,0,0,0,0,0,0,0,0.0133067706421158,0,0,0,0,0,0,0,0
"URXR",0,0,0,0,0,0,0,0,0,0,0,0,0.0223009118892872,0,0,0,0,0,0,0,0,0,0,0,0,0,0,0.0580333349147551,0,0,0,0,0,0,0,0,0,0,0,0,0,0.02333629725409,0,0,0,0,0,0,0,0,0,0,0,0,0,0,0,0,0,0,0,0,0,0,0,0,0,0,0,0,0,0,0,0,0,0.0302741049361909,0,0,0,0,0,0.0313092846028738,0,0,0,0,0,0,0,0,0,0,0,0,0,0,0,0,0,0,0,0,0,0.0056140954720017,0,0,0.038523522243113,0.0331050507440425,0,0,0,0.101112227472899,0,0,0,0.0196523074444358,0,0,0,0,0,0,0,0,0,0,0,0,0,0,0,0.0688314914386713,0,0,0,0,0,0,0,0,0,0,0,0,0,0,0,0,0,0,0,0,0,0,0,0,0,0,0,0,0,0,0,0,0,0,0,0.0126420422413173,0,0,0,0,0,0,0,0,0,0,0,0
"URYDL",0,0,0,0,0,0,0,0,0,0,0,0,0,0,0,0,0,0,0,0,0,0,0,0,0,0,0,0,0,0,0,0,0,0,0,0,0,0,0,0,0,0,0,0,0,0,0,0,0,0,0,0,0,0,0,0,0,0,0,0,0,0,0.0219999501064775,0,0,0,0,0,0,0,0,0,0.00441059577360304,0,0,0,0,0,0,0,0,0,0,0,0,0,0.00641848176776447,0,0,0,0,0,0,0,0,0,0,0,0,0,0,0,0,0,0.0419998362952539,0,0,0,0,0,0,0,0,0,0,0,0,0,0,0,0.0375586593294409,0,0,0.0214030040695956,0,0,0,0,0,0,0,0,0,0,0,0,0,0,0,0,0,0,0,0,0,0.0350624078318753,0,0,0,0,0,0,0,0,0,0,0,0,0,0,0,0,0.0436361927260503,0.0467152445800284,0.0508251986207998,0,0,0.0322358501601381,0,0,0.0460969784377865,0.0265553215594351,0,0,0.0230014149955361,0,0,0,0,0
"URYDR",0,0,0,0,0,0,0,0,0,0,0,0,0,0,0,0,0,0,0,0,0,0,0,0,0,0,0,0,0,0,0,0,0,0,0,0,0,0,0,0,0,0,0,0,0,0,0,0,0,0,0,0,0,0,0,0,0,0,0,0,0,0,0,0,0,0,0,0,0,0,0,0,0,0.00439190950961253,0,0,0,0,0,0,0,0,0,0,0,0,0,0.00651404834041398,0,0,0,0,0,0,0,0,0,0,0,0,0,0,0,0,0,0.0399514845429741,0,0,0,0,0,0,0,0,0,0,0,0,0,0.0367279449604198,0,0,0,0,0.0214031440629934,0,0,0,0,0,0,0,0,0,0,0,0,0,0,0,0,0,0,0,0.031090330289336,0,0,0,0,0,0,0,0,0,0,0,0,0,0,0,0,0,0,0.0405655954279224,0.0445210018470918,0,0,0,0,0,0,0.030735430847395,0,0,0,0,0,0,0,0
"URYVL",0,0,0,0,0,0,0,0,0,0,0,0,0,0,0,0,0,0,0,0,0,0,0,0,0,0,0,0,0,0,0,0,0,0,0,0,0,0,0,0,0,0,0,0,0,0,0,0,0,0,0,0,0,0,0,0,0,0,0,0,0,0,0,0,0,0,0,0,0,0,0,0,0,0,0,0,0.00852718650937254,0,0,0,0,0,0,0,0.00741072728591803,0,0,0,0,0,0,0,0,0,0,0,0,0,0,0,0,0,0,0,0.0422907076358832,0,0,0,0,0,0,0,0,0,0,0,0.0820086190806529,0,0,0.0341609043718108,0,0,0,0,0.0334365373751623,0,0,0,0,0,0,0,0,0,0,0,0,0,0,0,0,0,0,0,0,0,0,0.0354427540803036,0,0,0,0,0,0,0,0,0,0,0,0,0,0,0.0446239015489807,0,0,0,0,0.033395479496202,0,0.0333822166589114,0,0,0.0405073777712931,0,0.0301749774621912,0,0,0,0,0
"URYVR",0,0,0,0,0,0,0,0,0,0,0,0,0.0365392084893919,0,0,0,0,0,0,0,0,0,0,0,0,0,0,0,0,0,0,0,0,0,0,0,0,0,0,0,0,0,0,0,0,0,0,0,0,0,0,0,0,0,0,0,0,0,0,0,0,0,0,0,0,0,0,0,0,0,0,0,0,0,0,0,0,0.00871700047410949,0,0,0,0,0,0,0,0,0,0,0,0,0,0,0,0,0,0,0,0,0,0,0,0,0,0,0,0.0411279502218762,0,0,0,0,0,0,0,0,0,0,0,0,0,0,0.033899678977324,0,0,0.0310310738036287,0,0,0,0,0,0,0,0,0,0,0,0,0,0,0,0,0,0,0,0,0,0,0.0340615829750413,0,0,0,0,0,0,0,0,0,0,0,0,0,0.032535169672602,0,0.0480021889190027,0.0428569307861197,0,0,0.00654664077743311,0,0,0.0309038563026526,0.0512881003536944,0.0311425973158651,0.0409439216432824,0,0,0.0309102279416741,0,0,0,0
"AVAL",0,0,0,0,0,0,0,0,0,0,0,0,0,0,0,0,0,0,0,0,0,0,0,0,0,0,0,0,0,0,0,0,0,0,0,0,0,0,0,0,0,0,0,0,0,0,0,0,0,0,0,0,0,0,0,0,0,0,0,0,0,0,0,0,0,0,0,0,0,0,0,0,0,0,0,0,0,0,0,0,0,0,0,0,0,0,0,0,0,0,0,0,0,0,0,0,0,0,0,0,0,0,0,0,0,0,0,0,0,0,0,0,0,0,0,0,0,0,0,0,0,0,0,0,0,0,0,0,0,0,0,0,0,0,0,0,0,0,0,0,0,0,0,0,0,0,0,0,0,0,0,0,0,0,0,0,0,0,0,0,0,0,0,0,0,0,0,0,0,0,0,0,0,0,0,0,0,0,0,0
"AVAR",0,0,0,0,0,0,0,0,0,0,0,0,0,0,0,0,0,0,0,0,0,0,0,0,0,0,0,0,0,0,0,0,0,0,0,0,0,0,0,0,0,0,0,0,0,0,0,0,0,0,0,0,0,0,0,0,0,0,0,0,0,0,0,0,0,0,0,0,0,0,0,0,0,0,0,0,0,0,0,0,0,0,0,0,0,0,0,0,0,0,0,0,0,0,0,0,0,0,0,0,0,0,0,0,0,0,0,0,0,0,0,0,0,0,0,0,0,0,0,0,0,0,0,0,0,0,0,0,0,0,0,0,0,0,0,0,0,0,0,0,0,0,0,0,0,0,0,0,0,0,0,0,0,0,0,0,0,0,0,0,0,0,0,0,0,0,0,0,0,0,0,0,0,0,0,0,0,0,0,0
"AVBL",0,0,0,0,0,0,0,0,0,0,0,0,0,0,0,0,0,0,0,0,0,0,0,0,0,0,0,0,0,0,0,0,0,0,0,0,0,0,0,0,0,0,0,0,0,0,0,0,0,0,0,0,0,0,0,0,0,0,0,0,0,0,0,0,0,0,0,0,0,0,0,0,0,0,0,0,0,0,0,0,0,0,0,0,0,0,0,0,0,0,0,0,0,0,0,0,0,0,0,0,0,0,0,0,0,0,0,0,0,0,0,0,0,0,0,0,0,0,0,0,0,0,0,0,0,0,0,0,0,0,0,0,0,0,0,0,0,0,0,0,0,0,0,0,0,0,0,0,0,0,0,0,0,0,0,0,0,0,0,0,0,0,0,0,0,0,0,0,0,0,0,0,0,0,0,0,0,0,0,0
"AVBR",0,0,0,0,0,0,0,0,0,0,0,0,0,0,0,0,0,0,0,0,0,0,0,0,0,0,0,0,0,0,0,0,0,0,0,0,0,0,0,0,0,0,0,0,0,0,0,0,0,0,0,0,0,0,0,0,0,0,0,0,0,0,0,0,0,0,0,0,0,0,0,0,0,0,0,0,0,0,0,0,0,0,0,0,0,0,0,0,0,0,0,0,0,0,0,0,0,0,0,0,0,0,0,0,0,0,0,0,0,0,0,0,0,0,0,0,0,0,0,0,0,0,0,0,0,0,0,0,0,0,0,0,0,0,0,0,0,0,0,0,0,0,0,0,0,0,0,0,0,0,0,0,0,0,0,0,0,0,0,0,0,0,0,0,0,0,0,0,0,0,0,0,0,0,0,0,0,0,0,0
"AVDR",0,0,0,0,0,0,0,0,0,0,0,0,0,0,0,0,0,0,0,0,0,0,0,0,0,0,0,0,0,0,0,0,0,0,0,0,0,0,0,0,0,0,0,0,0,0,0,0,0,0,0,0,0,0,0,0,0,0,0,0,0,0,0,0,0,0,0,0,0,0,0,0,0,0,0,0,0,0,0,0,0,0,0,0,0,0,0,0,0,0,0,0,0,0,0,0,0,0,0,0,0,0,0,0,0,0,0,0,0,0,0,0,0,0,0,0,0,0,0,0,0,0,0,0,0,0,0,0,0,0,0,0,0,0,0,0,0,0,0,0,0,0,0,0,0,0,0,0,0,0,0,0,0,0,0,0,0,0,0,0,0,0,0,0,0,0,0,0,0,0,0,0,0,0,0,0,0,0,0,0
"RIPL",0,0,0,0,0,0,0,0,0,0,0,0,0,0,0,0,0,0,0,0,0,0,0,0,0,0,0,0,0,0,0,0,0,0,0,0,0,0,0,0,0,0,0,0,0,0,0,0,0,0,0,0,0,0,0,0,0,0,0,0,0,0,0,0,0,0,0,0,0,0,0,0,0,0,0,0,0,0,0,0,0,0,0,0,0,0,0,0,0,0,0,0,0,0,0,0,0,0,0,0,0,0,0,0,0,0,0,0,0,0,0,0,0,0,0,0,0,0,0,0,0,0,0,0,0,0,0,0,0,0,0,0,0,0,0,0,0,0,0,0,0,0,0,0,0,0,0,0,0,0,0,0,0,0,0,0,0,0,0,0,0,0,0,0,0,0,0,0,0,0,0,0,0,0,0,0,0,0,0,0
"RIPR",0,0,0,0,0,0,0,0,0,0,0,0,0,0,0,0,0,0,0,0,0,0,0,0,0,0,0,0,0,0,0,0,0,0,0,0,0,0,0,0,0,0,0,0,0,0,0,0,0,0,0,0,0,0,0,0,0,0,0,0,0,0,0,0,0,0,0,0,0,0,0,0,0,0,0,0,0,0,0,0,0,0,0,0,0,0,0,0,0,0,0,0,0,0,0,0,0,0,0,0,0,0,0,0,0,0,0,0,0,0,0,0,0,0,0,0,0,0,0,0,0,0,0,0,0,0,0,0,0,0,0,0,0,0,0,0,0,0,0,0,0,0,0,0,0,0,0,0,0,0,0,0,0,0,0,0,0,0,0,0,0,0,0,0,0,0,0,0,0,0,0,0,0,0,0,0,0,0,0,0
"AVER",0,0,0,0,0,0,0,0,0,0,0,0,0,0,0,0,0,0,0,0,0,0,0,0,0,0,0,0,0,0,0,0,0,0,0,0,0,0,0,0,0,0,0,0,0,0,0,0,0,0,0,0,0,0,0,0,0,0,0,0,0,0,0,0,0,0,0,0,0,0,0,0,0,0,0,0,0,0,0,0,0,0,0,0,0,0,0,0,0,0,0,0,0,0,0,0,0,0,0,0,0,0,0,0,0,0,0,0,0,0,0,0,0,0,0,0,0,0,0,0,0,0,0,0,0,0,0,0,0,0,0,0,0,0,0,0,0,0,0,0,0,0,0,0,0,0,0,0,0,0,0,0,0,0,0,0,0,0,0,0,0,0,0,0,0,0,0,0,0,0,0,0,0,0,0,0,0,0,0,0
"SIADL",0,0,0,0,0,0,0,0,0,0,0,0,0,0,0,0,0,0,0,0,0,0,0,0,0,0,0,0,0,0,0,0,0,0,0,0,0,0,0,0,0,0,0,0,0,0,0,0,0,0,0,0,0,0,0,0,0,0,0,0,0,0,0,0,0,0,0,0,0,0,0,0,0,0,0,0,0,0,0,0,0,0,0,0,0,0,0,0,0,0,0,0,0,0,0,0,0,0,0,0,0,0,0,0,0,0,0,0,0,0,0,0,0,0,0,0,0,0,0,0,0,0,0,0,0,0,0,0,0,0,0,0,0,0,0,0,0,0,0,0,0,0,0,0,0,0,0,0,0,0,0,0,0,0,0,0,0,0,0,0,0,0,0,0,0,0,0,0,0,0,0,0,0,0,0,0,0,0,0,0
"SIBVR",0,0,0,0,0,0,0,0,0,0,0,0,0,0,0,0,0,0,0,0,0,0,0,0,0,0,0,0,0,0,0,0,0,0,0,0,0,0,0,0,0,0,0,0,0,0,0,0,0,0,0,0,0,0,0,0,0,0,0,0,0,0,0,0,0,0,0,0,0,0,0,0,0,0,0,0,0,0,0,0,0,0,0,0,0,0,0,0,0,0,0,0,0,0,0,0,0,0,0,0,0,0,0,0,0,0,0,0,0,0,0,0,0,0,0,0,0,0,0,0,0,0,0,0,0,0,0,0,0,0,0,0,0,0,0,0,0,0,0,0,0,0,0,0,0,0,0,0,0,0,0,0,0,0,0,0,0,0,0,0,0,0,0,0,0,0,0,0,0,0,0,0,0,0,0,0,0,0,0,0
"AVDL",0,0,0,0,0,0,0,0,0,0,0,0,0,0,0,0,0,0,0,0,0,0,0,0,0,0,0,0,0,0,0,0,0,0,0,0,0,0,0,0,0,0,0,0,0,0,0,0,0,0,0,0,0,0,0,0,0,0,0,0,0,0,0,0,0,0,0,0,0,0,0,0,0,0,0,0,0,0,0,0,0,0,0,0,0,0,0,0,0,0,0,0,0,0,0,0,0,0,0,0,0,0,0,0,0,0,0,0,0,0,0,0,0,0,0,0,0,0,0,0,0,0,0,0,0,0,0,0,0,0,0,0,0,0,0,0,0,0,0,0,0,0,0,0,0,0,0,0,0,0,0,0,0,0,0,0,0,0,0,0,0,0,0,0,0,0,0,0,0,0,0,0,0,0,0,0,0,0,0,0
"AVEL",0,0,0,0,0,0,0,0,0,0,0,0,0,0,0,0,0,0,0,0,0,0,0,0,0,0,0,0,0,0,0,0,0,0,0,0,0,0,0,0,0,0,0,0,0,0,0,0,0,0,0,0,0,0,0,0,0,0,0,0,0,0,0,0,0,0,0,0,0,0,0,0,0,0,0,0,0,0,0,0,0,0,0,0,0,0,0,0,0,0,0,0,0,0,0,0,0,0,0,0,0,0,0,0,0,0,0,0,0,0,0,0,0,0,0,0,0,0,0,0,0,0,0,0,0,0,0,0,0,0,0,0,0,0,0,0,0,0,0,0,0,0,0,0,0,0,0,0,0,0,0,0,0,0,0,0,0,0,0,0,0,0,0,0,0,0,0,0,0,0,0,0,0,0,0,0,0,0,0,0
"SIBVL",0,0,0,0,0,0,0,0,0,0,0,0,0,0,0,0,0,0,0,0,0,0,0,0,0,0,0,0,0,0,0,0,0,0,0,0,0,0,0,0,0,0,0,0,0,0,0,0,0,0,0,0,0,0,0,0,0,0,0,0,0,0,0,0,0,0,0,0,0,0,0,0,0,0,0,0,0,0,0,0,0,0,0,0,0,0,0,0,0,0,0,0,0,0,0,0,0,0,0,0,0,0,0,0,0,0,0,0,0,0,0,0,0,0,0,0,0,0,0,0,0,0,0,0,0,0,0,0,0,0,0,0,0,0,0,0,0,0,0,0,0,0,0,0,0,0,0,0,0,0,0,0,0,0,0,0,0,0,0,0,0,0,0,0,0,0,0,0,0,0,0,0,0,0,0,0,0,0,0,0
"SIBDL",0,0,0,0,0,0,0,0,0,0,0,0,0,0,0,0,0,0,0,0,0,0,0,0,0,0,0,0,0,0,0,0,0,0,0,0,0,0,0,0,0,0,0,0,0,0,0,0,0,0,0,0,0,0,0,0,0,0,0,0,0,0,0,0,0,0,0,0,0,0,0,0,0,0,0,0,0,0,0,0,0,0,0,0,0,0,0,0,0,0,0,0,0,0,0,0,0,0,0,0,0,0,0,0,0,0,0,0,0,0,0,0,0,0,0,0,0,0,0,0,0,0,0,0,0,0,0,0,0,0,0,0,0,0,0,0,0,0,0,0,0,0,0,0,0,0,0,0,0,0,0,0,0,0,0,0,0,0,0,0,0,0,0,0,0,0,0,0,0,0,0,0,0,0,0,0,0,0,0,0
"RID",0,0,0,0,0,0,0,0,0,0,0,0,0,0,0,0,0,0,0,0,0,0,0,0,0,0,0,0,0,0,0,0,0,0,0,0,0,0,0,0,0,0,0,0,0,0,0,0,0,0,0,0,0,0,0,0,0,0,0,0,0,0,0,0,0,0,0,0,0,0,0,0,0,0,0,0,0,0,0,0,0,0,0,0,0,0,0,0,0,0,0,0,0,0,0,0,0,0,0,0,0,0,0,0,0,0,0,0,0,0,0,0,0,0,0,0,0,0,0,0,0,0,0,0,0,0,0,0,0,0,0,0,0,0,0,0,0,0,0,0,0,0,0,0,0,0,0,0,0,0,0,0,0,0,0,0,0,0,0,0,0,0,0,0,0,0,0,0,0,0,0,0,0,0,0,0,0,0,0,0
"SIBDR",0,0,0,0,0,0,0,0,0,0,0,0,0,0,0,0,0,0,0,0,0,0,0,0,0,0,0,0,0,0,0,0,0,0,0,0,0,0,0,0,0,0,0,0,0,0,0,0,0,0,0,0,0,0,0,0,0,0,0,0,0,0,0,0,0,0,0,0,0,0,0,0,0,0,0,0,0,0,0,0,0,0,0,0,0,0,0,0,0,0,0,0,0,0,0,0,0,0,0,0,0,0,0,0,0,0,0,0,0,0,0,0,0,0,0,0,0,0,0,0,0,0,0,0,0,0,0,0,0,0,0,0,0,0,0,0,0,0,0,0,0,0,0,0,0,0,0,0,0,0,0,0,0,0,0,0,0,0,0,0,0,0,0,0,0,0,0,0,0,0,0,0,0,0,0,0,0,0,0,0
"SIADR",0,0,0,0,0,0,0,0,0,0,0,0,0,0,0,0,0,0,0,0,0,0,0,0,0,0,0,0,0,0,0,0,0,0,0,0,0,0,0,0,0,0,0,0,0,0,0,0,0,0,0,0,0,0,0,0,0,0,0,0,0,0,0,0,0,0,0,0,0,0,0,0,0,0,0,0,0,0,0,0,0,0,0,0,0,0,0,0,0,0,0,0,0,0,0,0,0,0,0,0,0,0,0,0,0,0,0,0,0,0,0,0,0,0,0,0,0,0,0,0,0,0,0,0,0,0,0,0,0,0,0,0,0,0,0,0,0,0,0,0,0,0,0,0,0,0,0,0,0,0,0,0,0,0,0,0,0,0,0,0,0,0,0,0,0,0,0,0,0,0,0,0,0,0,0,0,0,0,0,0
"RMER",0,0,0,0,0,0,0,0,0,0,0,0,0,0,0,0,0,0,0,0,0,0,0,0,0,0,0,0,0,0,0,0,0,0,0,0,0,0,0,0,0,0,0,0,0,0,0,0,0,0,0,0,0,0,0,0,0,0,0,0,0,0,0,0,0,0,0,0,0,0,0,0,0,0,0,0,0,0,0,0,0,0,0,0,0,0,0,0,0,0,0,0,0,0,0,0,0,0,0,0,0,0,0,0,0,0,0,0,0,0,0,0,0,0,0,0,0,0,0,0,0,0,0,0,0,0,0,0,0,0,0,0,0,0,0,0,0,0,0,0,0,0,0,0,0,0,0,0,0,0,0,0,0,0,0,0,0,0,0,0,0,0,0,0,0,0,0,0,0,0,0,0,0,0,0,0,0,0,0,0
"SIAVL",0,0,0,0,0,0,0,0,0,0,0,0,0,0,0,0,0,0,0,0,0,0,0,0,0,0,0,0,0,0,0,0,0,0,0,0,0,0,0,0,0,0,0,0,0,0,0,0,0,0,0,0,0,0,0,0,0,0,0,0,0,0,0,0,0,0,0,0,0,0,0,0,0,0,0,0,0,0,0,0,0,0,0,0,0,0,0,0,0,0,0,0,0,0,0,0,0,0,0,0,0,0,0,0,0,0,0,0,0,0,0,0,0,0,0,0,0,0,0,0,0,0,0,0,0,0,0,0,0,0,0,0,0,0,0,0,0,0,0,0,0,0,0,0,0,0,0,0,0,0,0,0,0,0,0,0,0,0,0,0,0,0,0,0,0,0,0,0,0,0,0,0,0,0,0,0,0,0,0,0
"SIAVR",0,0,0,0,0,0,0,0,0,0,0,0,0,0,0,0,0,0,0,0,0,0,0,0,0,0,0,0,0,0,0,0,0,0,0,0,0,0,0,0,0,0,0,0,0,0,0,0,0,0,0,0,0,0,0,0,0,0,0,0,0,0,0,0,0,0,0,0,0,0,0,0,0,0,0,0,0,0,0,0,0,0,0,0,0,0,0,0,0,0,0,0,0,0,0,0,0,0,0,0,0,0,0,0,0,0,0,0,0,0,0,0,0,0,0,0,0,0,0,0,0,0,0,0,0,0,0,0,0,0,0,0,0,0,0,0,0,0,0,0,0,0,0,0,0,0,0,0,0,0,0,0,0,0,0,0,0,0,0,0,0,0,0,0,0,0,0,0,0,0,0,0,0,0,0,0,0,0,0,0
